id,title,filtered_words,label
R129,New Report on Election,"['stuff', 'even', 'practice', 'price', 'accept', 'hard.', 'experts', 'discuss', 'ongoing', 'developments', 'election.']",REAL
R227,New Report on Climate Change,"['economy', 'nature', 'yard', 'national', 'give', 'people', 'agent.', 'sense', 'thank', 'difference', 'pass', 'upon.', 'produce', 'alone', 'realize', 'claim', 'special', 'adult', 'present.', 'experts', 'discuss', 'ongoing', 'developments', 'climate', 'change.']",REAL
F231,Aliens Confirmed by Sources,"['situation', 'plan', 'store', 'huge', 'economic.', 'money', 'job', 'author', 'leader', 'public', 'course', 'risk', 'let.', '—', 'shocking', 'claims', 'aliens', 'surface', 'internet.']",FAKE
R066,New Report on Policy,"['actually', 'avoid', 'message.', 'song', 'late', 'citizen', 'leg', 'offer', 'film.', 'experts', 'discuss', 'ongoing', 'developments', 'policy.']",REAL
F095,Mind Control Confirmed by Sources,"['movement', 'evidence', 'treat', 'mean', 'task.', 'shoulder', 'sea', 'free', 'difference', 'law', 'boy', 'prepare.', 'family', 'number', 'answer', 'resource', 'perform.', 'technology', 'piece', 'away', 'live', 'general', 'stage', 'small.', '—', 'shocking', 'claims', 'mind', 'control', 'surface', 'internet.']",FAKE
R174,New Report on Policy,"['according', 'future', 'opportunity.', 'artist', 'enter', 'treat', 'set', 'ever.', 'example', 'key', 'congress', 'give', 'agree', 'scene', 'parent.', 'experts', 'discuss', 'ongoing', 'developments', 'policy.']",REAL
R201,New Report on Public Health,"['three', 'next', 'back.', 'threat', 'technology', 'stay', 'machine', 'drug', 'apply', 'candidate', 'model.', 'improve', 'consumer', 'world', 'red', 'opportunity', 'meeting.', 'experts', 'discuss', 'ongoing', 'developments', 'public', 'health.']",REAL
R072,New Report on Education,"['country', 'network', 'special', 'who.', 'carry', 'use', 'number', 'husband', 'range', 'high', 'around.', 'experts', 'discuss', 'ongoing', 'developments', 'education.']",REAL
R064,New Report on Research,"['theory', 'full', 'trial', 'receive', 'speech', 'much.', 'experts', 'discuss', 'ongoing', 'developments', 'research.']",REAL
F037,Miracle Drug Confirmed by Sources,"['mention', 'make', 'exist', 'success.', 'spend', 'play', 'nature', 'subject', 'season.', 'single', 'often', 'art.', '—', 'shocking', 'claims', 'miracle', 'drug', 'surface', 'internet.']",FAKE
R170,New Report on Technology Breakthrough,"['military', 'fire', 'past', 'someone', 'area', 'media.', 'run', 'sport', 'protect.', 'experts', 'discuss', 'ongoing', 'developments', 'technology', 'breakthrough.']",REAL
F110,Celebrity Scandal Confirmed by Sources,"['business', 'matter', 'fire', 'final', 'reason.', 'coach', 'film', 'real', 'successful', 'head', 'environment.', 'wrong', 'personal', 'office', 'everyone', 'herself.', 'pressure', 'simple', 'administration.', '—', 'shocking', 'claims', 'celebrity', 'scandal', 'surface', 'internet.']",FAKE
F048,Secret Cure Confirmed by Sources,"['number', 'design', 'computer', 'serious.', 'quite', 'morning', 'pm.', '—', 'shocking', 'claims', 'secret', 'cure', 'surface', 'internet.']",FAKE
F082,Hoax Confirmed by Sources,"['imagine', 'top', 'eye', 'case', 'plant', 'though', 'market.', 'successful', 'issue', 'art', 'report.', '—', 'shocking', 'claims', 'hoax', 'surface', 'internet.']",FAKE
F187,Miracle Drug Confirmed by Sources,"['action', 'tough', 'away', 'partner', 'fill', 'thank', 'continue.', 'tend', 'forget', 'child', 'bill.', 'remember', 'money', 'attack', 'share', 'listen', 'individual', 'kind.', '—', 'shocking', 'claims', 'miracle', 'drug', 'surface', 'internet.']",FAKE
F027,Miracle Drug Confirmed by Sources,"['offer', 'thing', 'interesting', 'month.', 'effort', 'allow', 'society', 'cup', 'best.', '—', 'shocking', 'claims', 'miracle', 'drug', 'surface', 'internet.']",FAKE
F202,Hoax Confirmed by Sources,"['us', 'go', 'claim', 'maybe', 'big', 'board.', 'exactly', 'body', 'ever', 'do.', '—', 'shocking', 'claims', 'hoax', 'surface', 'internet.']",FAKE
F197,Secret Cure Confirmed by Sources,"['south', 'option', 'participant', 'kid.', 'live', 'manage', 'shake', 'oil', 'certainly', 'respond.', 'spring', 'line', 'card', 'another', 'firm.', '—', 'shocking', 'claims', 'secret', 'cure', 'surface', 'internet.']",FAKE
R128,New Report on Climate Change,"['stuff', 'ability', 'whole', 'claim', 'relate.', 'ball', 'sport', 'tell', 'might.', 'event', 'onto', 'question', 'finally', 'education', 'politics', 'south.', 'experts', 'discuss', 'ongoing', 'developments', 'climate', 'change.']",REAL
F157,Government Cover-Up Confirmed by Sources,"['animal.', 'rock', 'quite', 'member', 'respond.', 'college', 'amount', 'per', 'however', 'cut', 'approach.', '—', 'shocking', 'claims', 'government', 'cover-up', 'surface', 'internet.']",FAKE
F117,Hoax Confirmed by Sources,"['race', 'network', 'present', 'hair.', '—', 'shocking', 'claims', 'hoax', 'surface', 'internet.']",FAKE
F173,Secret Cure Confirmed by Sources,"['dinner', 'change', 'next', 'senior', 'tv.', 'single', 'ever', 'act', 'still', 'organization.', '—', 'shocking', 'claims', 'secret', 'cure', 'surface', 'internet.']",FAKE
F024,Aliens Confirmed by Sources,"['center', 'seem', 'value', 'social', 'concern', 'property', 'behind.', 'window', 'must', 'religious', 'toward', 'ten', 'information', 'edge', 'gas.', 'foreign', 'safe', 'appear', 'fast', 'rate', 'consider', 'population.', 'student', 'air', 'around', 'time', 'attorney', 'company.', '—', 'shocking', 'claims', 'aliens', 'surface', 'internet.']",FAKE
F096,Celebrity Scandal Confirmed by Sources,"['resource', 'forward', 'require', 'fear.', 'physical', 'member', 'wrong.', '—', 'shocking', 'claims', 'celebrity', 'scandal', 'surface', 'internet.']",FAKE
R247,New Report on Public Health,"['possible', 'almost', 'along', 'rate.', 'service', 'star', 'physical', 'thought.', 'trip', 'building', 'face', 'subject', 'statement', 'out.', 'experts', 'discuss', 'ongoing', 'developments', 'public', 'health.']",REAL
F226,Government Cover-Up Confirmed by Sources,"['star', 'executive', 'game.', 'ahead', 'look', 'seven', 'seem', 'worker.', 'heavy', 'imagine', 'seem', 'join.', '—', 'shocking', 'claims', 'government', 'cover-up', 'surface', 'internet.']",FAKE
F100,Flat Earth Confirmed by Sources,"['smile', 'red', 'public', 'gun', 'account', 'play', 'school.', '—', 'shocking', 'claims', 'flat', 'earth', 'surface', 'internet.']",FAKE
F246,Government Cover-Up Confirmed by Sources,"['explain', 'floor', 'claim', 'peace', 'ok.', 'trade', 'subject', 'nation.', 'dog', 'choice.', 'health', 'forward', 'discuss', 'truth', 'much', 'since', 'out.', '—', 'shocking', 'claims', 'government', 'cover-up', 'surface', 'internet.']",FAKE
F183,Aliens Confirmed by Sources,"['chance', 'act', 'actually', 'man', 'indeed', 'let', 'responsibility', 'program.', '—', 'shocking', 'claims', 'aliens', 'surface', 'internet.']",FAKE
R063,New Report on Policy,"['interest', 'buy', 'board', 'scene', 'ask', 'card', 'year.', 'expert', 'dream', 'soldier', 'big.', 'interesting', 'citizen', 'explain', 'south', 'state.', 'experts', 'discuss', 'ongoing', 'developments', 'policy.']",REAL
R005,New Report on Election,"['whose', 'face', 'property.', 'young', 'three', 'reduce', 'whatever', 'law', 'name', 'wonder.', 'experts', 'discuss', 'ongoing', 'developments', 'election.']",REAL
R084,New Report on Election,"['back', 'bag', 'worker', 'important', 'lawyer.', 'let', 'dream', 'already', 'none.', 'force', 'evening', 'act', 'stand', 'answer', 'mind.', 'experts', 'discuss', 'ongoing', 'developments', 'election.']",REAL
R124,New Report on Education,"['tend', 'design', 'business', 'popular', 'bring', 'traditional', 'left.', 'either', 'work', 'special', 'firm', 'medical', 'bad', 'list', 'offer.', 'experts', 'discuss', 'ongoing', 'developments', 'education.']",REAL
R118,New Report on Research,"['yeah', 'parent', 'newspaper', 'little', 'fear', 'live.', 'record', 'practice', 'attack', 'computer', 'green', 'wait', 'yes.', 'might', 'anything', 'chance', 'support', 'security', 'support', 'pretty.', 'experts', 'discuss', 'ongoing', 'developments', 'research.']",REAL
F001,Aliens Confirmed by Sources,"['fact', 'strong', 'century', 'camera', 'significant', 'street.', 'heart', 'car', 'improve', 'can.', 'record', 'ten', 'tell', 'bag', 'former.', '—', 'shocking', 'claims', 'aliens', 'surface', 'internet.']",FAKE
F007,Immortal Jellyfish Confirmed by Sources,"['wear', 'edge', 'too.', 'environment', 'resource', 'chair', 'coach.', 'accept', 'budget', 'current.', '—', 'shocking', 'claims', 'immortal', 'jellyfish', 'surface', 'internet.']",FAKE
F046,Mind Control Confirmed by Sources,"['area', 'better', 'reach', 'pm', 'successful', 'whether', 'report.', 'system', 'situation', 'resource', 'subject.', '—', 'shocking', 'claims', 'mind', 'control', 'surface', 'internet.']",FAKE
R103,New Report on Research,"['help', 'method', 'certain', 'new', 'share', 'often', 'popular.', 'never', 'respond', 'like', 'good.', 'government', 'reflect', 'story', 'source.', 'experts', 'discuss', 'ongoing', 'developments', 'research.']",REAL
R037,New Report on Budget Report,"['thing', 'article', 'western', 'within', 'exactly.', 'ok', 'cell', 'feeling', 'view', 'item', 'by.', 'experts', 'discuss', 'ongoing', 'developments', 'budget', 'report.']",REAL
F193,Secret Cure Confirmed by Sources,"['stand', 'anything', 'meet', 'reveal', 'only.', 'success', 'thing', 'country', 'try', 'catch', 'mr', 'carry.', 'especially', 'kid', 'tax.', '—', 'shocking', 'claims', 'secret', 'cure', 'surface', 'internet.']",FAKE
R166,New Report on Election,"['measure', 'part', 'whatever', 'pay', 'thank', 'act', 'skill.', 'open', 'mission', 'local', 'describe', 'chance', 'outside.', 'experts', 'discuss', 'ongoing', 'developments', 'election.']",REAL
F017,Immortal Jellyfish Confirmed by Sources,"['skin', 'woman', 'start', 'walk.', 'feeling', 'rock', 'lead', 'will.', '—', 'shocking', 'claims', 'immortal', 'jellyfish', 'surface', 'internet.']",FAKE
R008,New Report on Economic Growth,"['back', 'listen', 'cell', 'relate', 'one', 'success.', 'try', 'summer', 'through.', 'health', 'add', 'night', 'small', 'situation.', 'experts', 'discuss', 'ongoing', 'developments', 'economic', 'growth.']",REAL
F071,Celebrity Scandal Confirmed by Sources,"['find', 'local', 'hundred.', '—', 'shocking', 'claims', 'celebrity', 'scandal', 'surface', 'internet.']",FAKE
F028,Mind Control Confirmed by Sources,"['identify', 'participant', 'open', 'nothing', 'score.', 'trial', 'system', 'follow', 'account', 'civil', 'fast.', '—', 'shocking', 'claims', 'mind', 'control', 'surface', 'internet.']",FAKE
F227,Immortal Jellyfish Confirmed by Sources,"['anyone', 'image', 'letter', 'provide.', 'remain', 'lose', 'anyone', 'similar', 'bill', 'born', 'history.', 'mention', 'loss', 'interview', 'away', 'rate', 'piece', 'power', 'decade.', '—', 'shocking', 'claims', 'immortal', 'jellyfish', 'surface', 'internet.']",FAKE
R200,New Report on Public Health,"['price', 'manage', 'usually', 'lay', 'present', 'claim', 'opportunity.', 'type', 'affect', 'sound.', 'experts', 'discuss', 'ongoing', 'developments', 'public', 'health.']",REAL
R225,New Report on Climate Change,"['current', 'film', 'front', 'pass', 'process.', 'phone', 'spend', 'movie', 'election.', 'sport', 'enter', 'commercial.', 'experts', 'discuss', 'ongoing', 'developments', 'climate', 'change.']",REAL
R062,New Report on Budget Report,"['continue', 'next', 'know', 'action', 'wrong.', 'experts', 'discuss', 'ongoing', 'developments', 'budget', 'report.']",REAL
F033,Hoax Confirmed by Sources,"['mrs', 'also', 'action', 'rest', 'difference', 'news', 'film', 'wonder.', 'television', 'free', 'throw', 'country', 'design', 'prepare.', 'window', 'choice', 'serve.', '—', 'shocking', 'claims', 'hoax', 'surface', 'internet.']",FAKE
F012,Hoax Confirmed by Sources,"['rather', 'office', 'edge', 'send', 'dog.', 'guy', 'deal', 'send.', 'forget', 'watch', 'protect', 'member', 'case', 'newspaper', 'allow.', '—', 'shocking', 'claims', 'hoax', 'surface', 'internet.']",FAKE
R121,New Report on Research,"['fish', 'near', 'recognize', 'laugh', 'pattern.', 'home', 'start', 'friend', 'far.', 'prepare', 'situation', 'single', 'administration', 'value', 'teacher.', 'experts', 'discuss', 'ongoing', 'developments', 'research.']",REAL
F210,Aliens Confirmed by Sources,"['likely', 'term', 'move', 'financial.', 'network', 'special', 'rich', 'ok', 'behavior', 'future', 'democrat.', 'safe', 'western', 'than.', '—', 'shocking', 'claims', 'aliens', 'surface', 'internet.']",FAKE
F151,Hoax Confirmed by Sources,"['point', 'goal', 'mr', 'beautiful', 'add.', 'future', 'someone', 'win', 'eye', 'night', 'fish.', 'remember', 'couple', 'gun', 'range', 'kind', 'use', 'talk.', 'provide', 'stage', 'more.', '—', 'shocking', 'claims', 'hoax', 'surface', 'internet.']",FAKE
F099,Secret Cure Confirmed by Sources,"['order', 'bar', 'entire', 'minute', 'major', 'increase.', 'nothing', 'question', 'dream', 'board.', '—', 'shocking', 'claims', 'secret', 'cure', 'surface', 'internet.']",FAKE
R090,New Report on Technology Breakthrough,"['indicate', 'rise', 'cover', 'benefit', 'economic', 'late', 'bad.', 'visit', 'teacher', 'development', 'thus.', 'across', 'role', 'reason', 'argue', 'voice', 'anything', 'near.', 'experts', 'discuss', 'ongoing', 'developments', 'technology', 'breakthrough.']",REAL
R125,New Report on Budget Report,"['cover', 'enter', 'like', 'light.', 'hear', 'loss', 'ok', 'several', 'out.', 'young', 'hit', 'military', 'feeling.', 'experts', 'discuss', 'ongoing', 'developments', 'budget', 'report.']",REAL
R091,New Report on Climate Change,"['standard', 'training', 'left', 'card', 'author', 'chair.', 'experts', 'discuss', 'ongoing', 'developments', 'climate', 'change.']",REAL
R157,New Report on Climate Change,"['hope', 'around', 'food', 'suffer', 'public', 'let', 'thing.', 'ahead', 'address', 'rock', 'allow', 'reason.', 'experts', 'discuss', 'ongoing', 'developments', 'climate', 'change.']",REAL
F098,Miracle Drug Confirmed by Sources,"['raise', 'way.', 'serious', 'remember', 'democrat', 'improve', 'final.', '—', 'shocking', 'claims', 'miracle', 'drug', 'surface', 'internet.']",FAKE
F164,Immortal Jellyfish Confirmed by Sources,"['full', 'movement', 'put', 'contain', 'trouble.', 'claim', 'happen', 'cell', 'meeting', 'second', 'child.', 'point', 'century', 'collection', 'education.', '—', 'shocking', 'claims', 'immortal', 'jellyfish', 'surface', 'internet.']",FAKE
R050,New Report on Economic Growth,"['recent', 'development', 'above.', 'experts', 'discuss', 'ongoing', 'developments', 'economic', 'growth.']",REAL
R249,New Report on Climate Change,"['seem', 'follow', 'business', 'career', 'rock', 'show.', 'draw', 'list', 'memory', 'second', 'low.', 'experts', 'discuss', 'ongoing', 'developments', 'climate', 'change.']",REAL
R093,New Report on Election,"['sure', 'game', 'minute', 'seem', 'prepare', 'particularly.', 'turn', 'her.', 'provide', 'federal', 'treatment.', 'experts', 'discuss', 'ongoing', 'developments', 'election.']",REAL
R131,New Report on Education,"['fish', 'fill', 'issue.', 'particularly', 'lose', 'people', 'company', 'modern', 'these.', 'experts', 'discuss', 'ongoing', 'developments', 'education.']",REAL
F107,Flat Earth Confirmed by Sources,"['truth', 'traditional', 'certain', 'black.', 'world', 'look', 'join', 'person', 'military.', 'fear', 'true', 'task', 'trip', 'business', 'trial', 'expect.', '—', 'shocking', 'claims', 'flat', 'earth', 'surface', 'internet.']",FAKE
F153,Hoax Confirmed by Sources,"['four', 'thing', 'there.', 'wide', 'machine', 'right', 'line.', '—', 'shocking', 'claims', 'hoax', 'surface', 'internet.']",FAKE
F091,Flat Earth Confirmed by Sources,"['television', 'cup', 'number', 'clearly', 'nearly', 'house', 'hour.', 'business', 'option', 'cut', 'sit', 'herself.', '—', 'shocking', 'claims', 'flat', 'earth', 'surface', 'internet.']",FAKE
R246,New Report on Economic Growth,"['blue', 'specific', 'edge', 'available.', 'star', 'local', 'give', 'result', 'might', 'ground.', 'experts', 'discuss', 'ongoing', 'developments', 'economic', 'growth.']",REAL
F004,Secret Cure Confirmed by Sources,"['exactly', 'together', 'able', 'listen', 'reduce.', 'red', 'surface', 'yeah', 'member.', '—', 'shocking', 'claims', 'secret', 'cure', 'surface', 'internet.']",FAKE
F220,Celebrity Scandal Confirmed by Sources,"['threat', 'able', 'challenge', 'new', 'full', 'ball', 'dog.', 'soon', 'technology.', 'beyond', 'future', 'break', 'focus', 'growth', 'season', 'tax.', '—', 'shocking', 'claims', 'celebrity', 'scandal', 'surface', 'internet.']",FAKE
F121,Hoax Confirmed by Sources,"['theory', 'suffer', 'cultural', 'state', 'item', 'account.', 'anything', 'get', 'media', 'teacher', 'material', 'anything', 'reality', 'cause.', '—', 'shocking', 'claims', 'hoax', 'surface', 'internet.']",FAKE
F245,Mind Control Confirmed by Sources,"['process', 'industry', 'across', 'four', 'occur', 'practice', 'project.', 'security', 'across', 'director', 'most.', '—', 'shocking', 'claims', 'mind', 'control', 'surface', 'internet.']",FAKE
R035,New Report on Climate Change,"['instead', 'evening', 'child', 'prove', 'since.', 'understand', 'western', 'build.', 'war', 'food', 'also', 'someone', 'pull', 'operation', 'so.', 'experts', 'discuss', 'ongoing', 'developments', 'climate', 'change.']",REAL
R024,New Report on Education,"['trouble', 'enough', 'stage', 'open', 'stop', 'true.', 'life', 'human', 'lot', 'per', 'standard.', 'let', 'notice', 'ball', 'here.', 'government', 'small', 'mention', 'certain', 'republican', 'pick.', 'experts', 'discuss', 'ongoing', 'developments', 'education.']",REAL
F079,Miracle Drug Confirmed by Sources,"['coach', 'risk', 'hand', 'agree', 'feeling.', 'mind', 'sea', 'money', 'security', 'somebody.', 'everybody', 'attack', 'house', 'continue', 'final', 'personal.', '—', 'shocking', 'claims', 'miracle', 'drug', 'surface', 'internet.']",FAKE
R094,New Report on Policy,"['try', 'occur', 'remember', 'alone', 'social', 'man.', 'situation', 'knowledge', 'include', 'term', 'data', 'many.', 'early', 'rise', 'third', 'suggest.', 'experts', 'discuss', 'ongoing', 'developments', 'policy.']",REAL
R040,New Report on Policy,"['though', 'raise', 'site', 'hot', 'green', 'ok.', 'light', 'protect', 'near.', 'experts', 'discuss', 'ongoing', 'developments', 'policy.']",REAL
F170,Immortal Jellyfish Confirmed by Sources,"['serious', 'south', 'author', 'education', 'child', 'reveal.', 'whose', 'record', 'stage', 'two', 'continue', 'land', 'site.', 'space', 'foreign', 'week.', '—', 'shocking', 'claims', 'immortal', 'jellyfish', 'surface', 'internet.']",FAKE
F130,Immortal Jellyfish Confirmed by Sources,"['local', 'girl', 'focus', 'top', 'wish', 'mean', 'fact', 'memory.', '—', 'shocking', 'claims', 'immortal', 'jellyfish', 'surface', 'internet.']",FAKE
R085,New Report on Economic Growth,"['news', 'institution', 'often', 'idea', 'fight.', 'political', 'new', 'free', 'give', 'media', 'they.', 'experts', 'discuss', 'ongoing', 'developments', 'economic', 'growth.']",REAL
R054,New Report on Budget Report,"['imagine', 'treat', 'great', 'behind', 'reveal.', 'contain', 'fall', 'religious', 'seat.', 'experts', 'discuss', 'ongoing', 'developments', 'budget', 'report.']",REAL
R047,New Report on Technology Breakthrough,"['ago', 'range', 'window.', 'attention', 'whole', 'various', 'mission', 'owner.', 'consider', 'rather', 'fill', 'six', 'stock.', 'experts', 'discuss', 'ongoing', 'developments', 'technology', 'breakthrough.']",REAL
R199,New Report on Economic Growth,"['nature', 'appear', 'training', 'hear.', 'detail', 'career', 'nation', 'item', 'question', 'challenge', 'piece.', 'experts', 'discuss', 'ongoing', 'developments', 'economic', 'growth.']",REAL
F062,Miracle Drug Confirmed by Sources,"['small', 'hundred', 'gun', 'compare', 'take', 'make.', '—', 'shocking', 'claims', 'miracle', 'drug', 'surface', 'internet.']",FAKE
R244,New Report on Technology Breakthrough,"['worry', 'least', 'blood', 'offer', 'travel', 'laugh.', 'everyone', 'food', 'rock.', 'particular', 'language', 'consider.', 'experts', 'discuss', 'ongoing', 'developments', 'technology', 'breakthrough.']",REAL
R107,New Report on Election,"['administration', 'answer', 'probably', 'usually', 'adult.', 'federal.', 'experts', 'discuss', 'ongoing', 'developments', 'election.']",REAL
F148,Aliens Confirmed by Sources,"['police', 'fast', 'participant', 'fire.', 'language', 'policy', 'member', 'miss', 'type', 'moment.', '—', 'shocking', 'claims', 'aliens', 'surface', 'internet.']",FAKE
F023,Mind Control Confirmed by Sources,"['fear', 'first', 'fear', 'expect', 'structure.', 'raise', 'throughout', 'item', 'business', 'unit', 'start', 'their.', 'grow', 'policy', 'best.', '—', 'shocking', 'claims', 'mind', 'control', 'surface', 'internet.']",FAKE
R075,New Report on Budget Report,"['theory', 'church', 'career', 'agreement', 'give.', 'see', 'lot', 'girl', 'five.', 'experts', 'discuss', 'ongoing', 'developments', 'budget', 'report.']",REAL
R220,New Report on Public Health,"['cost', 'develop', 'entire', 'side', 'read.', 'produce', 'challenge', 'born', 'development.', 'also', 'event', 'old', 'teacher.', 'experts', 'discuss', 'ongoing', 'developments', 'public', 'health.']",REAL
R099,New Report on Economic Growth,"['always', 'quite', 'fact', 'firm', 'citizen.', 'data', 'subject', 'size', 'memory', 'society', 'north.', 'experts', 'discuss', 'ongoing', 'developments', 'economic', 'growth.']",REAL
F066,Flat Earth Confirmed by Sources,"['new', 'positive', 'focus', 'dinner', 'church', 'might', 'include.', 'money', 'arrive', 'respond.', 'thing', 'method', 'hear', 'indicate', 'experience', 'image.', '—', 'shocking', 'claims', 'flat', 'earth', 'surface', 'internet.']",FAKE
F060,Flat Earth Confirmed by Sources,"['away', 'pick', 'hit', 'war', 'success', 'share.', '—', 'shocking', 'claims', 'flat', 'earth', 'surface', 'internet.']",FAKE
F022,Government Cover-Up Confirmed by Sources,"['instead', 'else', 'economy', 'outside', 'sense', 'relate.', 'far', 'whole', 'look', 'general', 'two', 'marriage.', '—', 'shocking', 'claims', 'government', 'cover-up', 'surface', 'internet.']",FAKE
F127,Mind Control Confirmed by Sources,"['cultural', 'open', 'major', 'spring', 'success.', 'job', 'song', 'three', 'know', 'must.', 'century', 'condition', 'security', 'maintain.', '—', 'shocking', 'claims', 'mind', 'control', 'surface', 'internet.']",FAKE
R212,New Report on Education,"['indicate', 'son', 'large', 'right.', 'future', 'seek', 'property', 'career', 'old', 'me.', 'try', 'prove', 'throughout', 'maybe', 'company.', 'experts', 'discuss', 'ongoing', 'developments', 'education.']",REAL
F119,Mind Control Confirmed by Sources,"['alone', 'seem', 'expert', 'suggest', 'experience', 'service', 'physical', 'house.', 'pay', 'stage', 'create', 'employee', 'support', 'knowledge.', 'process', 'cover', 'clearly', 'side', 'ask.', '—', 'shocking', 'claims', 'mind', 'control', 'surface', 'internet.']",FAKE
F103,Hoax Confirmed by Sources,"['course', 'time', 'argue.', 'life', 'surface', 'candidate', 'student', 'situation', 'vote', 'establish.', '—', 'shocking', 'claims', 'hoax', 'surface', 'internet.']",FAKE
F191,Mind Control Confirmed by Sources,"['kind', 'keep', 'spring', 'produce', 'morning.', '—', 'shocking', 'claims', 'mind', 'control', 'surface', 'internet.']",FAKE
F002,Mind Control Confirmed by Sources,"['knowledge', 'south', 'federal', 'outside.', 'bill', 'environmental', 'food', 'same.', '—', 'shocking', 'claims', 'mind', 'control', 'surface', 'internet.']",FAKE
R155,New Report on Election,"['quickly', 'author', 'finally', 'medical', 'rich', 'management.', 'positive', 'thought', 'research', 'range.', 'experts', 'discuss', 'ongoing', 'developments', 'election.']",REAL
R006,New Report on Technology Breakthrough,"['phone', 'collection', 'anything.', 'quality', 'hair', 'hit.', 'tonight', 'specific', 'air', 'place', 'fact.', 'experts', 'discuss', 'ongoing', 'developments', 'technology', 'breakthrough.']",REAL
F086,Government Cover-Up Confirmed by Sources,"['already', 'despite', 'level.', 'meet', 'fish', 'worker', 'reach', 'area.', '—', 'shocking', 'claims', 'government', 'cover-up', 'surface', 'internet.']",FAKE
R168,New Report on Election,"['discuss', 'many', 'student', 'rise', 'pressure', 'yeah', 'way.', 'power', 'scientist', 'film', 'bar', 'bank', 'well.', 'experts', 'discuss', 'ongoing', 'developments', 'election.']",REAL
R077,New Report on Public Health,"['strategy', 'especially', 'by.', 'central', 'beautiful', 'his.', 'experts', 'discuss', 'ongoing', 'developments', 'public', 'health.']",REAL
F209,Hoax Confirmed by Sources,"['bank', 'million', 'population.', '—', 'shocking', 'claims', 'hoax', 'surface', 'internet.']",FAKE
R236,New Report on Public Health,"['republican', 'film', 'account', 'down.', 'social', 'visit', 'still', 'scene.', 'owner', 'community', 'boy', 'inside.', 'experts', 'discuss', 'ongoing', 'developments', 'public', 'health.']",REAL
F186,Aliens Confirmed by Sources,"['produce', 'similar', 'cover', 'act', 'truth', 'occur.', 'possible', 'school', 'try', 'difficult', 'network', 'say', 'believe.', 'long', 'outside', 'end.', '—', 'shocking', 'claims', 'aliens', 'surface', 'internet.']",FAKE
R243,New Report on Public Health,"['water', 'worker', 'say', 'seek.', 'almost', 'draw', 'cell', 'few.', 'experts', 'discuss', 'ongoing', 'developments', 'public', 'health.']",REAL
F094,Immortal Jellyfish Confirmed by Sources,"['ground', 'consumer', 'player.', 'respond', 'experience.', 'everybody', 'support', 'start', 'increase', 'week.', '—', 'shocking', 'claims', 'immortal', 'jellyfish', 'surface', 'internet.']",FAKE
R032,New Report on Economic Growth,"['method', 'animal', 'later', 'decide', 'focus', 'leave.', 'experts', 'discuss', 'ongoing', 'developments', 'economic', 'growth.']",REAL
R033,New Report on Education,"['face', 'interesting', 'cup', 'heavy.', 'experts', 'discuss', 'ongoing', 'developments', 'education.']",REAL
R045,New Report on Technology Breakthrough,"['first', 'local', 'result.', 'trial', 'strategy', 'respond', 'piece', 'lead', 'tell.', 'experts', 'discuss', 'ongoing', 'developments', 'technology', 'breakthrough.']",REAL
R116,New Report on Education,"['ten', 'white', 'rise', 'night', 'country', 'certain', 'trial', 'threat.', 'ever', 'style', 'performance', 'course.', 'experts', 'discuss', 'ongoing', 'developments', 'education.']",REAL
F056,Celebrity Scandal Confirmed by Sources,"['happy', 'test', 'issue', 'per', 'make', 'purpose.', 'carry', 'mouth', 'suffer', 'policy', 'travel.', '—', 'shocking', 'claims', 'celebrity', 'scandal', 'surface', 'internet.']",FAKE
R043,New Report on Policy,"['hold', 'sound', 'sport', 'car', 'season', 'network.', 'hair', 'responsibility', 'maintain', 'always', 'outside', 'deal', 'able', 'hope.', 'conference', 'visit', 'degree', 'support', 'democrat.', 'experts', 'discuss', 'ongoing', 'developments', 'policy.']",REAL
R145,New Report on Economic Growth,"['second', 'wear', 'society', 'another.', 'grow', 'investment', 'ready', 'none', 'least', 'small.', 'impact', 'economic', 'particular', 'true.', 'experts', 'discuss', 'ongoing', 'developments', 'economic', 'growth.']",REAL
F200,Secret Cure Confirmed by Sources,"['lot', 'market', 'rather', 'just.', 'ball', 'shake', 'sit', 'make', 'draw.', '—', 'shocking', 'claims', 'secret', 'cure', 'surface', 'internet.']",FAKE
F034,Celebrity Scandal Confirmed by Sources,"['lead', 'beat', 'enter', 'much', 'analysis.', 'suddenly', 'particular', 'strategy', 'democrat', 'rock.', 'behind', 'happen', 'half', 'sure', 'seem', 'really.', '—', 'shocking', 'claims', 'celebrity', 'scandal', 'surface', 'internet.']",FAKE
F149,Secret Cure Confirmed by Sources,"['support', 'decision', 'politics', 'movie', 'raise.', 'cover', 'major', 'several', 'shoulder.', 'without', 'happen', 'population', 'yard.', '—', 'shocking', 'claims', 'secret', 'cure', 'surface', 'internet.']",FAKE
F051,Secret Cure Confirmed by Sources,"['least', 'ask', 'already', 'door', 'serve.', 'threat', 'land', 'resource', 'system.', 'rate', 'require', 'commercial', 'arm', 'company', 'series.', '—', 'shocking', 'claims', 'secret', 'cure', 'surface', 'internet.']",FAKE
F089,Flat Earth Confirmed by Sources,"['view', 'pull', 'college', 'discussion', 'tell.', 'else', 'stock', 'wind', 'everyone', 'finally', 'it.', 'thank', 'relationship', 'year', 'water', 'cut.', '—', 'shocking', 'claims', 'flat', 'earth', 'surface', 'internet.']",FAKE
F135,Flat Earth Confirmed by Sources,"['unit', 'social', 'morning', 'order', 'imagine', 'daughter.', 'enough', 'key', 'appear', 'score', 'bank', 'part', 'success', 'picture.', 'figure', 'lay', 'next', 'yes', 'score', 'walk', 'budget', 'shoulder.', '—', 'shocking', 'claims', 'flat', 'earth', 'surface', 'internet.']",FAKE
F088,Government Cover-Up Confirmed by Sources,"['test', 'feeling', 'security', 'beautiful.', 'today', 'change', 'magazine', 'choice', 'firm', 'final', 'use.', '—', 'shocking', 'claims', 'government', 'cover-up', 'surface', 'internet.']",FAKE
R010,New Report on Election,"['mr', 'thousand.', 'education', 'fear', 'ahead', 'upon.', 'experts', 'discuss', 'ongoing', 'developments', 'election.']",REAL
R211,New Report on Policy,"['public', 'effect', 'feeling.', 'field', 'book', 'decide', 'design', 'none', 'clear.', 'experts', 'discuss', 'ongoing', 'developments', 'policy.']",REAL
F204,Miracle Drug Confirmed by Sources,"['friend', 'pressure', 'real', 'right', 'hard', 'style', 'floor.', 'want', 'clearly', 'keep', 'dark', 'bring', 'involve', 'amount.', '—', 'shocking', 'claims', 'miracle', 'drug', 'surface', 'internet.']",FAKE
F168,Miracle Drug Confirmed by Sources,"['hospital', 'race', 'win', 'on.', 'glass', 'cultural', 'main', 'show.', 'eight', 'body', 'serve.', '—', 'shocking', 'claims', 'miracle', 'drug', 'surface', 'internet.']",FAKE
R011,New Report on Public Health,"['race', 'choice', 'go', 'expect', 'six', 'force.', 'fast', 'send', 'laugh', 'either', 'today.', 'organization', 'artist', 'among', 'would.', 'eye', 'lot', 'operation', 'open', 'window.', 'experts', 'discuss', 'ongoing', 'developments', 'public', 'health.']",REAL
R232,New Report on Climate Change,"['mean', 'outside', 'school', 'executive', 'check', 'wait', 'run.', 'act', 'entire', 'piece', 'bag', 'building', 'seven', 'around', 'perhaps.', 'experts', 'discuss', 'ongoing', 'developments', 'climate', 'change.']",REAL
R042,New Report on Public Health,"['majority', 'least', 'dream', 'house.', 'notice', 'second', 'drop', 'act', 'later.', 'school', 'apply', 'left', 'number', 'expert.', 'experts', 'discuss', 'ongoing', 'developments', 'public', 'health.']",REAL
F182,Hoax Confirmed by Sources,"['still', 'senior', 'start', 'something', 'great', 'material.', 'development', 'method', 'hold.', 'miss', 'edge', 'teacher.', '—', 'shocking', 'claims', 'hoax', 'surface', 'internet.']",FAKE
F036,Miracle Drug Confirmed by Sources,"['international', 'recently', 'four', 'build', 'forward', 'ever', 'miss.', 'time', 'safe', 'add', 'our.', 'investment', 'able', 'expect', 'picture.', 'play', 'usually', 'go', 'recently', 'thank', 'day', 'threat', 'health.', '—', 'shocking', 'claims', 'miracle', 'drug', 'surface', 'internet.']",FAKE
F068,Secret Cure Confirmed by Sources,"['red', 'choose', 'red.', 'parent', 'kind', 'wonder', 'side', 'already.', 'far', 'develop', 'arrive', 'person', 'ago', 'many', 'music.', '—', 'shocking', 'claims', 'secret', 'cure', 'surface', 'internet.']",FAKE
R015,New Report on Election,"['feel', 'know', 'necessary', 'certainly.', 'experience', 'pattern', 'agency', 'green', 'choose.', 'experts', 'discuss', 'ongoing', 'developments', 'election.']",REAL
R147,New Report on Climate Change,"['suddenly', 'sound', 'ready', 'glass', 'writer', 'building.', 'unit', 'become', 'tv.', 'experts', 'discuss', 'ongoing', 'developments', 'climate', 'change.']",REAL
F198,Government Cover-Up Confirmed by Sources,"['check', 'prevent', 'hit', 'give', 'media.', 'investment', 'future', 'pretty', 'huge', 'majority', 'boy.', 'meeting', 'whole', 'price', 'senior.', '—', 'shocking', 'claims', 'government', 'cover-up', 'surface', 'internet.']",FAKE
R081,New Report on Climate Change,"['loss', 'prove', 'thing', 'lot.', 'class', 'son', 'know', 'mrs.', 'experts', 'discuss', 'ongoing', 'developments', 'climate', 'change.']",REAL
F050,Aliens Confirmed by Sources,"['task', 'dream', 'talk', 'stop', 'point', 'yes.', 'body', 'door', 'peace', 'minute', 'mean', 'business', 'senior.', 'image', 'impact', 'almost', 'oil', 'might.', '—', 'shocking', 'claims', 'aliens', 'surface', 'internet.']",FAKE
F162,Celebrity Scandal Confirmed by Sources,"['top', 'answer', 'say', 'poor.', 'buy', 'however', 'commercial.', 'become', 'middle', 'list', 'spend', 'police', 'shake.', '—', 'shocking', 'claims', 'celebrity', 'scandal', 'surface', 'internet.']",FAKE
R028,New Report on Technology Breakthrough,"['realize', 'wish', 'situation', 'get', 'information', 'adult', 'executive.', 'maintain', 'hot', 'large', 'attorney', 'age', 'top', 'around.', 'fast', 'campaign', 'magazine', 'third.', 'technology', 'week', 'parent', 'yes', 'into.', 'experts', 'discuss', 'ongoing', 'developments', 'technology', 'breakthrough.']",REAL
R195,New Report on Budget Report,"['population', 'pm', 'mother', 'them.', 'fill', 'change', 'impact', 'event', 'coach.', 'experts', 'discuss', 'ongoing', 'developments', 'budget', 'report.']",REAL
F116,Aliens Confirmed by Sources,"['dinner', 'nothing', 'fish', 'doctor', 'buy', 'understand', 'like', 'economy.', 'list', 'outside', 'daughter', 'better', 'executive.', '—', 'shocking', 'claims', 'aliens', 'surface', 'internet.']",FAKE
R018,New Report on Research,"['less', 'treat', 'still', 'parent', 'result.', 'usually', 'address', 'message', 'however', 'lot', 'medical.', 'remain', 'chair', 'box', 'join.', 'experts', 'discuss', 'ongoing', 'developments', 'research.']",REAL
F073,Immortal Jellyfish Confirmed by Sources,"['rate', 'large', 'wind', 'dinner', 'bar.', 'specific', 'week', 'physical', 'social.', 'wife', 'environmental', 'trial', 'gun', 'very.', '—', 'shocking', 'claims', 'immortal', 'jellyfish', 'surface', 'internet.']",FAKE
F059,Miracle Drug Confirmed by Sources,"['police', 'ten', 'whole', 'human.', '—', 'shocking', 'claims', 'miracle', 'drug', 'surface', 'internet.']",FAKE
R078,New Report on Budget Report,"['city', 'two', 'professor', 'beat.', 'take', 'young', 'reflect.', 'experts', 'discuss', 'ongoing', 'developments', 'budget', 'report.']",REAL
F216,Secret Cure Confirmed by Sources,"['drug', 'conference', 'baby', 'minute', 'almost', 'owner', 'response', 'measure.', 'society', 'add', 'woman', 'sing', 'treat.', '—', 'shocking', 'claims', 'secret', 'cure', 'surface', 'internet.']",FAKE
F206,Celebrity Scandal Confirmed by Sources,"['half', 'another', 'send', 'simply', 'ball', 'worry', 'far.', 'oil', 'story', 'short', 'night', 'even', 'fill', 'successful.', 'black', 'three', 'part', 'answer', 'safe', 'sure.', '—', 'shocking', 'claims', 'celebrity', 'scandal', 'surface', 'internet.']",FAKE
R036,New Report on Research,"['increase', 'dark', 'young', 'only.', 'short', 'property', 'sell', 'democrat', 'thing.', 'information', 'take', 'figure.', 'experts', 'discuss', 'ongoing', 'developments', 'research.']",REAL
F104,Aliens Confirmed by Sources,"['economy', 'form', 'partner', 'find.', 'town', 'view', 'yet', 'relationship.', 'quite', 'share', 'certainly', 'fire.', '—', 'shocking', 'claims', 'aliens', 'surface', 'internet.']",FAKE
F000,Hoax Confirmed by Sources,"['vote', 'finish', 'break.', 'behavior', 'reduce.', 'fight', 'country', 'water', 'really.', '—', 'shocking', 'claims', 'hoax', 'surface', 'internet.']",FAKE
R136,New Report on Education,"['mr', 'entire', 'little', 'surface', 'return', 'effort.', 'sit', 'base', 'beat', 'half', 'affect', 'bed.', 'consider', 'firm', 'camera', 'fall', 'face', 'plan', 'describe.', 'experts', 'discuss', 'ongoing', 'developments', 'education.']",REAL
F019,Immortal Jellyfish Confirmed by Sources,"['garden', 'world', 'deal.', 'improve', 'law', 'street', 'catch.', 'everything', 'others', 'big', 'onto', 'accept.', '—', 'shocking', 'claims', 'immortal', 'jellyfish', 'surface', 'internet.']",FAKE
R012,New Report on Technology Breakthrough,"['early', 'risk', 'add', 'try', 'mission.', 'politics', 'peace', 'instead', 'eat', 'space.', 'treatment', 'successful', 'television', 'resource', 'measure', 'defense', 'change.', 'expect', 'wind', 'enjoy', 'sing', 'question', 'third.', 'experts', 'discuss', 'ongoing', 'developments', 'technology', 'breakthrough.']",REAL
R052,New Report on Education,"['put', 'theory', 'carry', 'chance.', 'clearly', 'well', 'director', 'anything', 'week', 'laugh', 'camera.', 'modern', 'politics', 'something', 'discussion', 'leg', 'central.', 'experts', 'discuss', 'ongoing', 'developments', 'education.']",REAL
R123,New Report on Climate Change,"['tax', 'develop', 'bill', 'identify', 'message', 'employee.', 'well', 'scene', 'else.', 'become', 'change', 'among', 'both.', 'land', 'even.', 'experts', 'discuss', 'ongoing', 'developments', 'climate', 'change.']",REAL
F040,Government Cover-Up Confirmed by Sources,"['civil', 'professional', 'my.', 'run', 'spend', 'music', 'leg', 'campaign', 'back.', '—', 'shocking', 'claims', 'government', 'cover-up', 'surface', 'internet.']",FAKE
R160,New Report on Climate Change,"['understand', 'painting', 'word', 'region', 'ever.', 'might', 'least', 'small', 'parent', 'trade', 'near', 'cost.', 'experts', 'discuss', 'ongoing', 'developments', 'climate', 'change.']",REAL
F067,Immortal Jellyfish Confirmed by Sources,"['ahead', 'daughter', 'five.', 'true', 'provide', 'along', 'girl', 'yet', 'position.', 'suddenly', 'rock', 'experience', 'chair', 'address', 'game', 'authority.', 'laugh', 'position', 'last', 'spring.', '—', 'shocking', 'claims', 'immortal', 'jellyfish', 'surface', 'internet.']",FAKE
R069,New Report on Research,"['house', 'member', 'debate', 'middle.', 'public', 'son', 'understand', 'special', 'happy.', 'worry', 'term', 'program', 'play.', 'experts', 'discuss', 'ongoing', 'developments', 'research.']",REAL
F160,Mind Control Confirmed by Sources,"['sometimes', 'prove', 'turn', 'large', 'available', 'seek.', 'final', 'student', 'base.', '—', 'shocking', 'claims', 'mind', 'control', 'surface', 'internet.']",FAKE
F053,Hoax Confirmed by Sources,"['speak', 'information', 'language', 'pay', 'later', 'ready', 'no.', 'onto', 'american', 'success', 'speech', 'community', 'high.', 'might', 'time', 'doctor', 'cup.', '—', 'shocking', 'claims', 'hoax', 'surface', 'internet.']",FAKE
R074,New Report on Education,"['scene', 'leader', 'suffer', 'give.', 'move', 'raise', 'to.', 'experts', 'discuss', 'ongoing', 'developments', 'education.']",REAL
R007,New Report on Election,"['loss', 'impact', 'policy', 'nice', 'tax', 'easy.', 'exist', 'range', 'explain', 'almost', 'reflect.', 'experts', 'discuss', 'ongoing', 'developments', 'election.']",REAL
R119,New Report on Climate Change,"['guy', 'first', 'market.', 'teacher', 'woman', 'phone', 'heart', 'ok.', 'experts', 'discuss', 'ongoing', 'developments', 'climate', 'change.']",REAL
R087,New Report on Budget Report,"['growth', 'choose', 'color', 'scientist', 'choice.', 'difficult', 'american', 'thank', 'prevent', 'nearly.', 'experts', 'discuss', 'ongoing', 'developments', 'budget', 'report.']",REAL
F145,Miracle Drug Confirmed by Sources,"['explain', 'still', 'attention', 'material', 'method', 'clearly', 'those.', 'short', 'entire', 'common', 'painting', 'camera', 'final', 'can.', '—', 'shocking', 'claims', 'miracle', 'drug', 'surface', 'internet.']",FAKE
R065,New Report on Budget Report,"['garden', 'film', 'staff', 'rest', 'little', 'better.', 'firm', 'meet', 'inside', 'apply', 'exactly', 'during.', 'military', 'white', 'beat.', 'experts', 'discuss', 'ongoing', 'developments', 'budget', 'report.']",REAL
R208,New Report on Budget Report,"['major', 'material', 'everyone', 'however', 'ability', 'authority.', 'art', 'simply', 'run', 'know.', 'discussion', 'look', 'fire', 'top', 'finish.', 'experts', 'discuss', 'ongoing', 'developments', 'budget', 'report.']",REAL
R048,New Report on Budget Report,"['stock', 'work', 'necessary', 'effect.', 'former', 'born', 'close', 'especially.', 'experts', 'discuss', 'ongoing', 'developments', 'budget', 'report.']",REAL
F076,Aliens Confirmed by Sources,"['grow', 'enough', 'daughter', 'seem', 'guess', 'building.', 'day', 'artist', 'would.', '—', 'shocking', 'claims', 'aliens', 'surface', 'internet.']",FAKE
R019,New Report on Policy,"['later', 'service', 'term', 'grow.', 'way', 'next', 'human', 'blood.', 'experts', 'discuss', 'ongoing', 'developments', 'policy.']",REAL
F115,Immortal Jellyfish Confirmed by Sources,"['consumer', 'watch', 'good.', 'leader', 'design', 'others', 'air', 'standard.', 'picture', 'none', 'happy', 'idea', 'tell.', '—', 'shocking', 'claims', 'immortal', 'jellyfish', 'surface', 'internet.']",FAKE
R031,New Report on Education,"['late', 'everybody', 'list', 'rather', 'season.', 'experts', 'discuss', 'ongoing', 'developments', 'education.']",REAL
R190,New Report on Research,"['civil', 'south', 'choice', 'skin', 'animal', 'event', 'so.', 'board', 'act', 'ago', 'lay', 'condition', 'people', 'wear', 'young.', 'write', 'course', 'stop', 'enough', 'energy', 'floor.', 'experts', 'discuss', 'ongoing', 'developments', 'research.']",REAL
F057,Mind Control Confirmed by Sources,"['avoid', 'space', 'manager', 'share', 'choice.', 'run', 'air', 'expect', 'computer', 'social', 'employee.', 'back', 'process', 'difference', 'anything', 'sometimes', 'begin.', '—', 'shocking', 'claims', 'mind', 'control', 'surface', 'internet.']",FAKE
F158,Immortal Jellyfish Confirmed by Sources,"['forget', 'soldier', 'total.', 'claim', 'north', 'company', 'theory.', '—', 'shocking', 'claims', 'immortal', 'jellyfish', 'surface', 'internet.']",FAKE
F234,Flat Earth Confirmed by Sources,"['result', 'believe', 'arm', 'red.', 'leave', 'cost', 'recognize', 'improve.', '—', 'shocking', 'claims', 'flat', 'earth', 'surface', 'internet.']",FAKE
F155,Flat Earth Confirmed by Sources,"['beyond', 'place', 'head', 'keep', 'collection', 'hear.', 'ago', 'church', 'option', 'the.', '—', 'shocking', 'claims', 'flat', 'earth', 'surface', 'internet.']",FAKE
F106,Flat Earth Confirmed by Sources,"['character', 'reflect', 'particularly', 'second', 'local', 'for.', 'purpose', 'moment', 'seven', 'meet', 'general.', 'son', 'much', 'send', 'blue.', '—', 'shocking', 'claims', 'flat', 'earth', 'surface', 'internet.']",FAKE
R051,New Report on Policy,"['present', 'affect', 'available', 'wear', 'question', 'finally', 'head.', 'play', 'growth', 'floor', 'walk', 'show', 'foot', 'discuss.', 'experts', 'discuss', 'ongoing', 'developments', 'policy.']",REAL
R203,New Report on Education,"['ten', 'recognize', 'second', 'american.', 'tonight', 'strong', 'start', 'reveal.', 'truth', 'bring', 'plant', 'lose.', 'experts', 'discuss', 'ongoing', 'developments', 'education.']",REAL
F063,Secret Cure Confirmed by Sources,"['mission', 'indicate', 'health', 'red.', 'song', 'production', 'good', 'hundred.', '—', 'shocking', 'claims', 'secret', 'cure', 'surface', 'internet.']",FAKE
R080,New Report on Policy,"['determine', 'find', 'society', 'shake', 'table', 'establish.', 'chance', 'others', 'score', 'plant.', 'experts', 'discuss', 'ongoing', 'developments', 'policy.']",REAL
R226,New Report on Public Health,"['security', 'simply', 'wonder.', 'customer', 'east', 'charge', 'western', 'eat', 'find.', 'hair', 'smile', 'goal', 'music.', 'experts', 'discuss', 'ongoing', 'developments', 'public', 'health.']",REAL
F144,Hoax Confirmed by Sources,"['gas', 'media', 'hospital', 'give.', 'close', 'experience', 'recent', 'television.', '—', 'shocking', 'claims', 'hoax', 'surface', 'internet.']",FAKE
F241,Flat Earth Confirmed by Sources,"['lead', 'television', 'send', 'sister', 'major', 'stop.', 'year', 'measure', 'job', 'rock', 'traditional', 'kind', 'population.', '—', 'shocking', 'claims', 'flat', 'earth', 'surface', 'internet.']",FAKE
R150,New Report on Election,"['ask', 'send', 'little', 'identify', 'source', 'start.', 'leader', 'eight', 'tree', 'discover', 'wide', 'building', 'among.', 'appear', 'information', 'occur', 'good', 'store.', 'experts', 'discuss', 'ongoing', 'developments', 'election.']",REAL
R153,New Report on Research,"['wide', 'organization', 'change', 'near', 'wind.', 'ever', 'simply', 'picture', 'east', 'behind', 'left', 'before.', 'stop', 'high', 'always.', 'experts', 'discuss', 'ongoing', 'developments', 'research.']",REAL
F175,Hoax Confirmed by Sources,"['space', 'heavy', 'account.', 'hope', 'new', 'black', 'others.', 'half', 'modern', 'reason', 'six.', '—', 'shocking', 'claims', 'hoax', 'surface', 'internet.']",FAKE
F161,Immortal Jellyfish Confirmed by Sources,"['well', 'opportunity', 'yourself.', 'put', 'show.', 'ahead', 'area', 'firm', 'ability', 'crime', 'receive', 'ever', 'tv.', '—', 'shocking', 'claims', 'immortal', 'jellyfish', 'surface', 'internet.']",FAKE
F147,Secret Cure Confirmed by Sources,"['fund', 'responsibility.', 'occur', 'benefit', 'fire', 'foreign.', '—', 'shocking', 'claims', 'secret', 'cure', 'surface', 'internet.']",FAKE
F018,Secret Cure Confirmed by Sources,"['song', 'change', 'agent', 'tonight', 'debate', 'shake.', 'east', 'reality', 'page', 'billion', 'story', 'page', 'project', 'send.', '—', 'shocking', 'claims', 'secret', 'cure', 'surface', 'internet.']",FAKE
F211,Celebrity Scandal Confirmed by Sources,"['production', 'section', 'teach', 'process', 'boy', 'president.', 'century', 'require', 'prevent', 'back', 'reflect', 'student.', 'black', 'raise', 'tend', 'run', 'ball', 'computer', 'main.', '—', 'shocking', 'claims', 'celebrity', 'scandal', 'surface', 'internet.']",FAKE
R117,New Report on Research,"['three', 'democratic', 'toward', 'tax', 'price', 'usually.', 'experts', 'discuss', 'ongoing', 'developments', 'research.']",REAL
F016,Aliens Confirmed by Sources,"['budget', 'however', 'system', 'total', 'community', 'economic.', 'member', 'past', 'use', 'sound', 'garden.', 'people', 'offer', 'within', 'street', 'down.', '—', 'shocking', 'claims', 'aliens', 'surface', 'internet.']",FAKE
F029,Flat Earth Confirmed by Sources,"['program', 'card', 'organization', 'federal', 'heavy.', 'similar', 'purpose', 'class', 'stuff.', '—', 'shocking', 'claims', 'flat', 'earth', 'surface', 'internet.']",FAKE
F205,Celebrity Scandal Confirmed by Sources,"['position', 'improve', 'mouth', 'international.', 'turn', 'pm', 'expect', 'data', 'per', 'her.', '—', 'shocking', 'claims', 'celebrity', 'scandal', 'surface', 'internet.']",FAKE
R112,New Report on Economic Growth,"['unit', 'audience', 'start', 'seat', 'seven.', 'experts', 'discuss', 'ongoing', 'developments', 'economic', 'growth.']",REAL
F218,Government Cover-Up Confirmed by Sources,"['class', 'candidate', 'whatever', 'blue', 'free', 'player.', 'image', 'east', 'feeling.', '—', 'shocking', 'claims', 'government', 'cover-up', 'surface', 'internet.']",FAKE
R187,New Report on Education,"['true', 'ever', 'four.', 'million', 'music', 'either.', 'pay', 'last', 'protect', 'money', 'white', 'outside.', 'experts', 'discuss', 'ongoing', 'developments', 'education.']",REAL
F087,Celebrity Scandal Confirmed by Sources,"['good', 'culture', 'later.', 'rest', 'likely', 'wish', 'work', 'skill', 'speech', 'always.', 'general', 'scientist', 'alone.', '—', 'shocking', 'claims', 'celebrity', 'scandal', 'surface', 'internet.']",FAKE
R171,New Report on Education,"['like', 'minute', 'statement', 'student', 'culture', 'most.', 'capital', 'leg', 'someone', 'see', 'try', 'learn', 'year', 'commercial.', 'experts', 'discuss', 'ongoing', 'developments', 'education.']",REAL
R113,New Report on Technology Breakthrough,"['car', 'art', 'represent.', 'town', 'since', 'issue', 'case', 'someone', 'material.', 'computer', 'car', 'half', 'finish.', 'experts', 'discuss', 'ongoing', 'developments', 'technology', 'breakthrough.']",REAL
R222,New Report on Public Health,"['question', 'town', 'authority', 'fish', 'big.', 'take', 'including', 'others', 'manage', 'save', 'arm', 'those.', 'experts', 'discuss', 'ongoing', 'developments', 'public', 'health.']",REAL
F233,Secret Cure Confirmed by Sources,"['article', 'work', 'find', 'mission', 'thousand', 'whether', 'society.', 'debate', 'police', 'stop', 'art', 'attack', 'could.', 'price', 'song', 'everybody.', '—', 'shocking', 'claims', 'secret', 'cure', 'surface', 'internet.']",FAKE
R223,New Report on Climate Change,"['service', 'grow', 'box', 'about.', 'young', 'actually', 'near', 'determine', 'reason.', 'letter', 'magazine', 'plan', 'area', 'along', 'hit.', 'experts', 'discuss', 'ongoing', 'developments', 'climate', 'change.']",REAL
F224,Secret Cure Confirmed by Sources,"['design', 'add', 'tell', 'effect', 'assume.', 'boy', 'follow', 'job', 'grow', 'hold.', '—', 'shocking', 'claims', 'secret', 'cure', 'surface', 'internet.']",FAKE
R181,New Report on Climate Change,"['assume', 'community', 'church.', 'support', 'break', 'cover', 'detail', 'tax.', 'experts', 'discuss', 'ongoing', 'developments', 'climate', 'change.']",REAL
R056,New Report on Public Health,"['decide', 'expect', 'wind', 'town', 'old', 'bed', 'country.', 'tend', 'civil', 'whole.', 'experts', 'discuss', 'ongoing', 'developments', 'public', 'health.']",REAL
R110,New Report on Education,"['hold', 'business', 'commercial', 'provide', 'take', 'set.', 'experts', 'discuss', 'ongoing', 'developments', 'education.']",REAL
R219,New Report on Education,"['first', 'wrong', 'cut.', 'experts', 'discuss', 'ongoing', 'developments', 'education.']",REAL
R224,New Report on Education,"['executive', 'teach', 'economic', 'effort.', 'experts', 'discuss', 'ongoing', 'developments', 'education.']",REAL
F178,Immortal Jellyfish Confirmed by Sources,"['buy', 'buy', 'pay', 'bad', 'effort', 'dark', 'item', 'rock.', 'brother', 'however', 'material', 'girl', 'need', 'score.', '—', 'shocking', 'claims', 'immortal', 'jellyfish', 'surface', 'internet.']",FAKE
F074,Secret Cure Confirmed by Sources,"['ago', 'finally', 'across.', 'purpose', 'market', 'contain', 'write', 'ever', 'medical.', '—', 'shocking', 'claims', 'secret', 'cure', 'surface', 'internet.']",FAKE
R034,New Report on Budget Report,"['join', 'perform', 'data', 'vote.', 'future', 'force', 'help', 'theory.', 'concern', 'expect.', 'experts', 'discuss', 'ongoing', 'developments', 'budget', 'report.']",REAL
R095,New Report on Policy,"['writer', 'already', 'cell', 'situation', 'market', 'task', 'upon.', 'answer', 'none', 'yeah', 'success.', 'several', 'appear', 'win', 'development', 'standard', 'about.', 'experts', 'discuss', 'ongoing', 'developments', 'policy.']",REAL
F011,Aliens Confirmed by Sources,"['trade', 'yes', 'view.', 'cultural', 'quality', 'tonight', 'memory', 'front', 'draw.', 'quality', 'attorney', 'wonder', 'form', 'effort', 'where.', 'notice', 'star', 'kitchen.', '—', 'shocking', 'claims', 'aliens', 'surface', 'internet.']",FAKE
R162,New Report on Policy,"['couple', 'former', 'must', 'respond', 'garden.', 'experts', 'discuss', 'ongoing', 'developments', 'policy.']",REAL
R218,New Report on Election,"['drive', 'forward', 'organization', 'suddenly', 'military', 'enjoy.', 'record', 'window', 'soon', 'develop.', 'experts', 'discuss', 'ongoing', 'developments', 'election.']",REAL
F136,Miracle Drug Confirmed by Sources,"['government', 'season', 'human', 'chair', 'eight.', 'material', 'modern', 'result', 'region', 'benefit', 'late.', 'drug', 'decision', 'tv', 'section', 'feeling', 'individual', 'time', 'southern.', 'none', 'economy', 'audience', 'scene', 'specific.', '—', 'shocking', 'claims', 'miracle', 'drug', 'surface', 'internet.']",FAKE
R108,New Report on Economic Growth,"['necessary', 'establish', 'whole', 'player.', 'heavy', 'score', 'painting', 'support', 'among.', 'floor', 'land', 'market', 'enter', 'decide', 'seem', 'human.', 'experts', 'discuss', 'ongoing', 'developments', 'economic', 'growth.']",REAL
R186,New Report on Research,"['care', 'read', 'debate', 'order', 'let.', 'method', 'line', 'seven', 'yeah', 'team.', 'experts', 'discuss', 'ongoing', 'developments', 'research.']",REAL
R248,New Report on Technology Breakthrough,"['painting', 'focus', 'lawyer', 'improve', 'city', 'simply', 'evidence.', 'behind', 'partner', 'section', 'bank.', 'experts', 'discuss', 'ongoing', 'developments', 'technology', 'breakthrough.']",REAL
F045,Immortal Jellyfish Confirmed by Sources,"['fish', 'leave', 'condition', 'wish.', 'anything', 'land', 'role', 'way', 'miss.', '—', 'shocking', 'claims', 'immortal', 'jellyfish', 'surface', 'internet.']",FAKE
F092,Secret Cure Confirmed by Sources,"['family', 'build', 'last', 'organization', 'half.', 'cold', 'animal', 'third.', '—', 'shocking', 'claims', 'secret', 'cure', 'surface', 'internet.']",FAKE
R100,New Report on Technology Breakthrough,"['different', 'require', 'democrat', 'culture', 'talk.', 'available', 'less', 'newspaper', 'store', 'activity.', 'experts', 'discuss', 'ongoing', 'developments', 'technology', 'breakthrough.']",REAL
F075,Miracle Drug Confirmed by Sources,"['much', 'south', 'may', 'four', 'cultural.', '—', 'shocking', 'claims', 'miracle', 'drug', 'surface', 'internet.']",FAKE
R059,New Report on Technology Breakthrough,"['ability', 'factor', 'daughter', 'hard', 'many.', 'believe', 'case', 'tough', 'role', 'teacher', 'room', 'school.', 'recent', 'public', 'occur', 'live', 'walk.', 'experts', 'discuss', 'ongoing', 'developments', 'technology', 'breakthrough.']",REAL
F213,Hoax Confirmed by Sources,"['add', 'gas', 'unit', 'voice', 'hospital.', 'less', 'scientist', 'often', 'thought.', '—', 'shocking', 'claims', 'hoax', 'surface', 'internet.']",FAKE
R233,New Report on Education,"['camera', 'resource', 'strong', 'bring', 'possible', 'inside.', 'structure', 'let', 'decision', 'individual', 'item', 'memory.', 'two', 'career', 'character', 'than.', 'experts', 'discuss', 'ongoing', 'developments', 'education.']",REAL
F072,Mind Control Confirmed by Sources,"['much', 'radio', 'foreign', 'assume', 'same.', 'entire', 'administration', 'bring', 'reason', 'and.', '—', 'shocking', 'claims', 'mind', 'control', 'surface', 'internet.']",FAKE
R184,New Report on Budget Report,"['challenge', 'medical', 'page', 'trip', 'reduce.', 'job', 'someone', 'even', 'continue', 'there.', 'experts', 'discuss', 'ongoing', 'developments', 'budget', 'report.']",REAL
F134,Secret Cure Confirmed by Sources,"['office', 'today', 'sister.', 'phone', 'sister', 'move', 'dog', 'care', 'cultural', 'without.', 'team', 'realize', 'respond', 'director', 'explain', 'yet', 'court.', 'might', 'occur', 'clearly', 'large', 'organization', 'necessary.', '—', 'shocking', 'claims', 'secret', 'cure', 'surface', 'internet.']",FAKE
R096,New Report on Research,"['stay', 'whose', 'pay', 'still', 'treatment.', 'number', 'tough', 'wait', 'consider', 'responsibility', 'within', 'man.', 'experts', 'discuss', 'ongoing', 'developments', 'research.']",REAL
R020,New Report on Policy,"['field', 'long', 'around', 'entire', 'agent.', 'experts', 'discuss', 'ongoing', 'developments', 'policy.']",REAL
R067,New Report on Policy,"['charge', 'great', 'bill', 'leg', 'major', 'less.', 'drop', 'father', 'similar', 'wonder', 'machine', 'down.', 'price', 'state', 'mouth.', 'experts', 'discuss', 'ongoing', 'developments', 'policy.']",REAL
R215,New Report on Education,"['mind', 'fly', 'school.', 'animal', 'future', 'individual', 'security', 'center', 'easy.', 'experts', 'discuss', 'ongoing', 'developments', 'education.']",REAL
R127,New Report on Policy,"['ability', 'great', 'race', 'product', 'analysis', 'attorney.', 'perform', 'pm', 'whether', 'season', 'leave.', 'experts', 'discuss', 'ongoing', 'developments', 'policy.']",REAL
R235,New Report on Technology Breakthrough,"['information', 'kitchen', 'receive', 'certainly', 'debate', 'seek.', 'everyone', 'laugh', 'determine', 'quickly.', 'allow', 'data', 'responsibility', 'prepare', 'forward', 'spend', 'group.', 'experts', 'discuss', 'ongoing', 'developments', 'technology', 'breakthrough.']",REAL
R163,New Report on Climate Change,"['order', 'table', 'walk', 'project', 'sea', 'you.', 'meeting', 'game', 'hard', 'today', 'human', 'doctor.', 'experts', 'discuss', 'ongoing', 'developments', 'climate', 'change.']",REAL
R002,New Report on Education,"['production', 'college', 'door', 'join', 'special', 'data', 'reveal', 'student.', 'security', 'leader', 'sort', 'theory', 'institution', 'space', 'soldier.', 'coach', 'tv', 'pass', 'attention', 'game.', 'experts', 'discuss', 'ongoing', 'developments', 'education.']",REAL
R021,New Report on Education,"['plant', 'end', 'someone', 'soon', 'model.', 'mrs', 'news', 'hard', 'hand', 'such.', 'experts', 'discuss', 'ongoing', 'developments', 'education.']",REAL
R013,New Report on Technology Breakthrough,"['drug', 'bring', 'president', 'explain', 'consider', 'either', 'much.', 'may', 'want', 'along', 'instead.', 'experts', 'discuss', 'ongoing', 'developments', 'technology', 'breakthrough.']",REAL
F195,Flat Earth Confirmed by Sources,"['send', 'discussion', 'capital', 'law', 'cell', 'support.', 'organization', 'affect', 'return', 'almost', 'produce', 'prevent', 'soldier', 'receive.', '—', 'shocking', 'claims', 'flat', 'earth', 'surface', 'internet.']",FAKE
R101,New Report on Research,"['conference', 'seven', 'apply', 'face', 'energy', 'what.', 'affect', 'character', 'follow', 'television', 'subject', 'behind.', 'political', 'watch', 'area', 'body', 'role.', 'allow', 'matter', 'decade', 'although', 'quite.', 'experts', 'discuss', 'ongoing', 'developments', 'research.']",REAL
R055,New Report on Research,"['evidence', 'almost', 'interesting', 'physical', 'subject.', 'experts', 'discuss', 'ongoing', 'developments', 'research.']",REAL
F190,Secret Cure Confirmed by Sources,"['discussion', 'choice', 'site', 'year', 'pay', 'cause', 'story.', 'suffer', 'thing', 'life', 'language.', 'generation', 'marriage', 'child', 'money', 'throw.', '—', 'shocking', 'claims', 'secret', 'cure', 'surface', 'internet.']",FAKE
R004,New Report on Education,"['lead', 'trouble', 'least', 'analysis', 'ever.', 'past', 'send', 'almost', 'add', 'authority.', 'possible', 'admit', 'light', 'school', 'dinner', 'radio', 'no.', 'network', 'race', 'role', 'study.', 'experts', 'discuss', 'ongoing', 'developments', 'education.']",REAL
F080,Celebrity Scandal Confirmed by Sources,"['radio', 'small', 'fight', 'notice.', 'clearly', 'authority', 'director', 'happy', 'memory', 'include.', 'build', 'analysis', 'full', 'without', 'teach', 'each.', 'rise', 'interest', 'hit', 'those.', '—', 'shocking', 'claims', 'celebrity', 'scandal', 'surface', 'internet.']",FAKE
F049,Hoax Confirmed by Sources,"['final', 'sure', 'kind.', 'animal', 'unit', 'eight', 'value.', 'purpose', 'ok', 'along', 'represent', 'or.', '—', 'shocking', 'claims', 'hoax', 'surface', 'internet.']",FAKE
F184,Secret Cure Confirmed by Sources,"['recent', 'happen', 'gun', 'notice.', 'power', 'development', 'real.', '—', 'shocking', 'claims', 'secret', 'cure', 'surface', 'internet.']",FAKE
F030,Secret Cure Confirmed by Sources,"['plant', 'perhaps', 'accept', 'meet.', 'south', 'modern', 'arm', 'mean', 'hit', 'city.', 'design', 'staff', 'box', 'blood', 'social', 'traditional', 'hard.', '—', 'shocking', 'claims', 'secret', 'cure', 'surface', 'internet.']",FAKE
R213,New Report on Budget Report,"['finally', 'market', 'sport', 'way', 'nothing', 'management.', 'prepare', 'value', 'billion', 'front', 'third', 'both.', 'experts', 'discuss', 'ongoing', 'developments', 'budget', 'report.']",REAL
F128,Immortal Jellyfish Confirmed by Sources,"['meeting', 'great', 'candidate.', 'especially', 'perhaps', 'question.', '—', 'shocking', 'claims', 'immortal', 'jellyfish', 'surface', 'internet.']",FAKE
R231,New Report on Policy,"['get', 'name', 'though', 'mouth', 'quickly.', 'present', 'understand', 'five', 'catch.', 'experts', 'discuss', 'ongoing', 'developments', 'policy.']",REAL
R061,New Report on Technology Breakthrough,"['medical', 'body', 'someone.', 'material', 'evening', 'although', 'across', 'away.', 'end', 'month', 'according', 'detail.', 'experts', 'discuss', 'ongoing', 'developments', 'technology', 'breakthrough.']",REAL
R137,New Report on Education,"['oil', 'perhaps', 'memory.', 'player', 'list', 'stop', 'build', 'debate.', 'experts', 'discuss', 'ongoing', 'developments', 'education.']",REAL
R185,New Report on Technology Breakthrough,"['senior', 'condition', 'plant', 'test', 'significant', 'force', 'ask', 'away.', 'young', 'teach', 'message', 'question', 'staff', 'candidate.', 'experts', 'discuss', 'ongoing', 'developments', 'technology', 'breakthrough.']",REAL
R204,New Report on Technology Breakthrough,"['local', 'partner', 'yeah', 'republican', 'off.', 'firm', 'power', 'social', 'military.', 'play', 'east', 'lawyer', 'quickly', 'read.', 'choice', 'like', 'space', 'carry', 'necessary', 'them.', 'experts', 'discuss', 'ongoing', 'developments', 'technology', 'breakthrough.']",REAL
F217,Immortal Jellyfish Confirmed by Sources,"['anyone', 'fine', 'off.', 'gas', 'experience', 'finish', 'rather', 'rock.', 'sing', 'music', 'public', 'high', 'marriage', 'approach.', '—', 'shocking', 'claims', 'immortal', 'jellyfish', 'surface', 'internet.']",FAKE
F176,Miracle Drug Confirmed by Sources,"['consumer', 'film.', 'direction', 'central', 'low', 'senior', 'special', 'less', 'audience', 'apply.', 'size', 'item', 'whose.', 'economy', 'democratic', 'particular', 'husband', 'realize.', '—', 'shocking', 'claims', 'miracle', 'drug', 'surface', 'internet.']",FAKE
R245,New Report on Technology Breakthrough,"['class', 'however', 'natural.', 'season', 'left', 'forget', 'can.', 'probably', 'early', 'family', 'kid', 'treat', 'near', 'drive.', 'experts', 'discuss', 'ongoing', 'developments', 'technology', 'breakthrough.']",REAL
R104,New Report on Election,"['spring', 'suggest', 'assume.', 'indicate', 'low', 'six.', 'catch', 'successful', 'stock.', 'hard', 'create', 'water', 'tough', 'oil', 'close.', 'experts', 'discuss', 'ongoing', 'developments', 'election.']",REAL
F156,Flat Earth Confirmed by Sources,"['according', 'exactly', 'much', 'system.', 'quality', 'early', 'field.', '—', 'shocking', 'claims', 'flat', 'earth', 'surface', 'internet.']",FAKE
R194,New Report on Election,"['stage', 'improve', 'charge', 'authority', 'true.', 'respond', 'century', 'way', 'second', 'forward', 'important', 'professional.', 'training', 'result', 'view', 'week', 'win', 'nature', 'possible.', 'experts', 'discuss', 'ongoing', 'developments', 'election.']",REAL
R161,New Report on Technology Breakthrough,"['lot', 'significant', 'hand', 'pass', 'mrs.', 'successful', 'art', 'reveal', 'increase.', 'care', 'enjoy', 'behavior', 'network', 'season.', 'make', 'form', 'region', 'learn', 'reason.', 'experts', 'discuss', 'ongoing', 'developments', 'technology', 'breakthrough.']",REAL
F113,Immortal Jellyfish Confirmed by Sources,"['center', 'second', 'size', 'every.', 'hotel', 'newspaper', 'service', 'way', 'mean', 'successful', 'write.', '—', 'shocking', 'claims', 'immortal', 'jellyfish', 'surface', 'internet.']",FAKE
F150,Hoax Confirmed by Sources,"['rock', 'need', 'pressure', 'officer', 'visit.', 'news', 'example', 'clear', 'true', 'determine', 'congress.', 'spring', 'anything', 'war.', '—', 'shocking', 'claims', 'hoax', 'surface', 'internet.']",FAKE
F047,Miracle Drug Confirmed by Sources,"['surface', 'choose', 'movie', 'dream.', 'move', 'plan', 'company', 'ground.', 'sort', 'among.', '—', 'shocking', 'claims', 'miracle', 'drug', 'surface', 'internet.']",FAKE
F008,Hoax Confirmed by Sources,"['call', 'country', 'evidence', 'win.', 'stock', 'rock', 'hold', 'notice', 'perform', 'do.', 'necessary', 'hour', 'value', 'rock', 'at.', '—', 'shocking', 'claims', 'hoax', 'surface', 'internet.']",FAKE
F229,Aliens Confirmed by Sources,"['toward', 'whatever', 'finish', 'short.', 'letter', 'event', 'history', 'state', 'professional', 'base.', 'book', 'movie', 'factor', 'fly.', '—', 'shocking', 'claims', 'aliens', 'surface', 'internet.']",FAKE
R001,New Report on Research,"['free', 'television', 'window', 'might', 'order.', 'population', 'reflect', 'green', 'organization.', 'care', 'republican', 'method', 'white', 'maintain', 'nation.', 'experts', 'discuss', 'ongoing', 'developments', 'research.']",REAL
R241,New Report on Public Health,"['color', 'style', 'citizen.', 'pull', 'move', 'turn', 'peace', 'over.', 'need', 'relationship', 'should.', 'experts', 'discuss', 'ongoing', 'developments', 'public', 'health.']",REAL
R198,New Report on Climate Change,"['economy', 'bit', 'light', 'everyone.', 'experts', 'discuss', 'ongoing', 'developments', 'climate', 'change.']",REAL
R229,New Report on Research,"['save', 'store', 'share', 'door', 'conference', 'us', 'property.', 'experience', 'political.', 'budget', 'want', 'million', 'alone.', 'experts', 'discuss', 'ongoing', 'developments', 'research.']",REAL
R205,New Report on Public Health,"['gun', 'gas', 'thing', 'usually', 'eye.', 'recognize', 'financial', 'include', 'candidate.', 'authority', 'social', 'mission', 'rule', 'to.', 'experts', 'discuss', 'ongoing', 'developments', 'public', 'health.']",REAL
F123,Celebrity Scandal Confirmed by Sources,"['executive', 'determine', 'discover', 'enter.', 'manager', 'firm', 'young', 'surface', 'though', 'concern', 'raise.', 'yet', 'station', 'art', 'management.', '—', 'shocking', 'claims', 'celebrity', 'scandal', 'surface', 'internet.']",FAKE
F043,Celebrity Scandal Confirmed by Sources,"['policy', 'determine', 'decade', 'well', 'method', 'toward.', 'wife', 'change', 'role', 'growth.', '—', 'shocking', 'claims', 'celebrity', 'scandal', 'surface', 'internet.']",FAKE
F097,Celebrity Scandal Confirmed by Sources,"['sense', 'everyone', 'price', 'summer.', 'culture', 'recognize', 'firm', 'race', 'there.', 'camera', 'talk', 'individual', 'including', 'mind', 'to.', '—', 'shocking', 'claims', 'celebrity', 'scandal', 'surface', 'internet.']",FAKE
R014,New Report on Research,"['second', 'point', 'body', 'child.', 'experts', 'discuss', 'ongoing', 'developments', 'research.']",REAL
F005,Flat Earth Confirmed by Sources,"['trial', 'check', 'hit', 'carry', 'despite', 'ten.', 'head', 'three', 'win', 'indicate', 'reach', 'always', 'radio.', 'international', 'professor', 'already.', 'story', 'five', 'even', 'policy', 'first.', '—', 'shocking', 'claims', 'flat', 'earth', 'surface', 'internet.']",FAKE
R234,New Report on Research,"['material', 'mother', 'sport', 'significant.', 'age', 'quite', 'moment', 'loss', 'month.', 'experts', 'discuss', 'ongoing', 'developments', 'research.']",REAL
F143,Aliens Confirmed by Sources,"['threat', 'mr', 'table', 'carry', 'stop', 'act', 'task.', 'design', 'body.', 'sit', 'drop', 'glass', 'situation', 'beat', 'anyone', 'morning.', '—', 'shocking', 'claims', 'aliens', 'surface', 'internet.']",FAKE
R073,New Report on Economic Growth,"['focus', 'tv', 'design', 'ground.', 'experts', 'discuss', 'ongoing', 'developments', 'economic', 'growth.']",REAL
R239,New Report on Education,"['even', 'hair', 'section', 'everybody', 'among', 'modern.', 'traditional', 'benefit.', 'experts', 'discuss', 'ongoing', 'developments', 'education.']",REAL
F181,Aliens Confirmed by Sources,"['though', 'line', 'offer.', 'sure', 'lot', 'build', 'career.', 'industry', 'certainly', 'receive.', '—', 'shocking', 'claims', 'aliens', 'surface', 'internet.']",FAKE
R138,New Report on Election,"['really', 'speech', 'smile', 'tough.', 'upon', 'buy', 'listen', 'evening', 'doctor', 'society', 'mind.', 'experts', 'discuss', 'ongoing', 'developments', 'election.']",REAL
R172,New Report on Economic Growth,"['develop', 'street', 'management', 'culture', 'hope', 'quite', 'knowledge.', 'various', 'college', 'detail.', 'experts', 'discuss', 'ongoing', 'developments', 'economic', 'growth.']",REAL
R143,New Report on Policy,"['conference', 'body', 'lawyer', 'room', 'trial.', 'happen', 'young', 'season', 'economy', 'second', 'age', 'participant.', 'week', 'cultural', 'sea', 'soldier.', 'experts', 'discuss', 'ongoing', 'developments', 'policy.']",REAL
F166,Mind Control Confirmed by Sources,"['dinner', 'week', 'information', 'floor.', 'truth', 'already', 'force', 'thing', 'party', 'car', 'too.', 'line', 'rise', 'long', 'move', 'protect', 'bill.', '—', 'shocking', 'claims', 'mind', 'control', 'surface', 'internet.']",FAKE
R003,New Report on Budget Report,"['hundred', 'wait', 'somebody', 'activity', 'college', 'people.', 'experts', 'discuss', 'ongoing', 'developments', 'budget', 'report.']",REAL
R167,New Report on Climate Change,"['yard', 'third', 'practice', 'unit', 'religious.', 'evening', 'bill', 'money', 'perform.', 'experts', 'discuss', 'ongoing', 'developments', 'climate', 'change.']",REAL
R183,New Report on Climate Change,"['size', 'investment', 'southern', 'occur.', 'experts', 'discuss', 'ongoing', 'developments', 'climate', 'change.']",REAL
R238,New Report on Technology Breakthrough,"['congress', 'foreign', 'growth', 'become', 'best', 'certain', 'contain.', 'position', 'minute', 'east', 'thank', 'skin.', 'result', 'writer', 'wall', 'success', 'someone', 'space.', 'experts', 'discuss', 'ongoing', 'developments', 'technology', 'breakthrough.']",REAL
R041,New Report on Election,"['media', 'modern', 'land', 'religious', 'argue', 'since', 'choice.', 'either', 'power', 'father', 'head.', 'half', 'nice', 'near', 'stay', 'movement.', 'experts', 'discuss', 'ongoing', 'developments', 'election.']",REAL
F237,Government Cover-Up Confirmed by Sources,"['put', 'lose', 'add', 'race', 'apply.', 'outside', 'interview', 'class', 'city.', 'act', 'black', 'method', 'human', 'close.', '—', 'shocking', 'claims', 'government', 'cover-up', 'surface', 'internet.']",FAKE
R086,New Report on Research,"['trouble', 'might', 'development', 'dinner', 'occur', 'cold', 'something', 'study.', 'truth', 'service', 'level', 'lay', 'indeed.', 'professor', 'trouble', 'civil', 'easy', 'option', 'population.', 'center', 'culture', 'significant', 'risk', 'blue', 'serve.', 'experts', 'discuss', 'ongoing', 'developments', 'research.']",REAL
R240,New Report on Policy,"['provide', 'certain', 'consumer', 'play', 'poor.', 'quality', 'fire', 'garden', 'seem', 'new.', 'experts', 'discuss', 'ongoing', 'developments', 'policy.']",REAL
R133,New Report on Public Health,"['audience', 'challenge', 'father', 'speak', 'address.', 'experts', 'discuss', 'ongoing', 'developments', 'public', 'health.']",REAL
F044,Hoax Confirmed by Sources,"['hospital', 'this.', 'fear', 'full', 'power', 'talk', 'doctor.', 'catch', 'hit', 'clearly.', '—', 'shocking', 'claims', 'hoax', 'surface', 'internet.']",FAKE
F125,Government Cover-Up Confirmed by Sources,"['tonight', 'close', 'prevent.', 'radio', 'congress', 'republican.', '—', 'shocking', 'claims', 'government', 'cover-up', 'surface', 'internet.']",FAKE
F165,Secret Cure Confirmed by Sources,"['hit', 'course', 'leader', 'ago', 'theory', 'country.', '—', 'shocking', 'claims', 'secret', 'cure', 'surface', 'internet.']",FAKE
F137,Flat Earth Confirmed by Sources,"['sport', 'share', 'report', 'daughter', 'huge', 'identify.', 'something', 'drive', 'body', 'check', 'player', 'discuss', 'price.', 'agreement', 'particularly', 'dog', 'speak', 'direction.', '—', 'shocking', 'claims', 'flat', 'earth', 'surface', 'internet.']",FAKE
R088,New Report on Research,"['law', 'create', 'education', 'half', 'concern', 'thought', 'tough', 'almost.', 'fall', 'leg', 'foot', 'suffer', 'magazine', 'power', 'ever.', 'experts', 'discuss', 'ongoing', 'developments', 'research.']",REAL
R169,New Report on Technology Breakthrough,"['believe', 'nature', 'have.', 'three', 'scientist', 'central', 'series', 'career.', 'experts', 'discuss', 'ongoing', 'developments', 'technology', 'breakthrough.']",REAL
R193,New Report on Technology Breakthrough,"['young', 'city', 'card.', 'authority', 'arm', 'media', 'subject.', 'experts', 'discuss', 'ongoing', 'developments', 'technology', 'breakthrough.']",REAL
F247,Mind Control Confirmed by Sources,"['impact', 'radio', 'thing', 'think', 'situation', 'want', 'win', 'manager.', 'three', 'pick', 'build', 'develop.', 'upon', 'able.', '—', 'shocking', 'claims', 'mind', 'control', 'surface', 'internet.']",FAKE
R179,New Report on Technology Breakthrough,"['kind', 'never', 'agreement', 'between.', 'whose', 'president', 'believe.', 'experts', 'discuss', 'ongoing', 'developments', 'technology', 'breakthrough.']",REAL
F138,Immortal Jellyfish Confirmed by Sources,"['decade', 'half', 'may', 'test', 'performance', 'charge', 'game.', 'road', 'hot', 'indicate', 'cold', 'yard', 'table.', '—', 'shocking', 'claims', 'immortal', 'jellyfish', 'surface', 'internet.']",FAKE
R017,New Report on Policy,"['near', 'mother', 'project', 'evidence', 'value', 'could.', 'mind', 'hold', 'discussion', 'left.', 'tonight', 'test', 'state', 'usually.', 'ask', 'church', 'deal', 'cost', 'wind', 'writer.', 'experts', 'discuss', 'ongoing', 'developments', 'policy.']",REAL
F090,Mind Control Confirmed by Sources,"['pretty', 'information', 'wide', 'blood.', 'rise', 'let', 'see', 'tonight.', 'religious', 'another', 'personal', 'guy', 'environmental.', '—', 'shocking', 'claims', 'mind', 'control', 'surface', 'internet.']",FAKE
F222,Mind Control Confirmed by Sources,"['include', 'go', 'future', 'ago.', 'bag', 'glass', 'expert', 'million', 'almost', 'spring.', 'process', 'actually', 'suddenly', 'carry', 'thing', 'degree', 'rule.', '—', 'shocking', 'claims', 'mind', 'control', 'surface', 'internet.']",FAKE
R114,New Report on Climate Change,"['choose', 'clear', 'mother', 'stuff', 'remember.', 'summer', 'last', 'build.', 'rule', 'several', 'born', 'number.', 'experts', 'discuss', 'ongoing', 'developments', 'climate', 'change.']",REAL
F235,Celebrity Scandal Confirmed by Sources,"['fill', 'opportunity', 'project.', 'fight', 'buy', 'world', 'indicate', 'kind.', 'various', 'fine', 'game', 'take', 'wait', 'dream', 'professor.', 'cultural', 'fish', 'outside.', '—', 'shocking', 'claims', 'celebrity', 'scandal', 'surface', 'internet.']",FAKE
F185,Hoax Confirmed by Sources,"['around', 'strategy', 'turn', 'interest.', 'hundred', 'receive', 'ever.', 'realize', 'age', 'per', 'a.', '—', 'shocking', 'claims', 'hoax', 'surface', 'internet.']",FAKE
F221,Flat Earth Confirmed by Sources,"['free', 'threat', 'ground', 'country', 'message', 'cell.', '—', 'shocking', 'claims', 'flat', 'earth', 'surface', 'internet.']",FAKE
F054,Secret Cure Confirmed by Sources,"['story', 'pm', 'unit', 'product', 'born.', 'red', 'hear', 'skill.', '—', 'shocking', 'claims', 'secret', 'cure', 'surface', 'internet.']",FAKE
R000,New Report on Public Health,"['color', 'dog', 'form', 'along', 'public.', 'far', 'ever', 'mr', 'southern', 'film', 'coach', 'forget.', 'difficult', 'sister', 'executive.', 'experts', 'discuss', 'ongoing', 'developments', 'public', 'health.']",REAL
R178,New Report on Budget Report,"['seat', 'deal', 'free', 'campaign.', 'drop', 'result', 'throughout', 'stop.', 'mind', 'company', 'dark', 'response', 'eat.', 'experts', 'discuss', 'ongoing', 'developments', 'budget', 'report.']",REAL
F006,Hoax Confirmed by Sources,"['take', 'five', 'rise', 'action', 'although', 'eye.', 'staff', 'outside', 'structure', 'whole', 'key', 'from.', '—', 'shocking', 'claims', 'hoax', 'surface', 'internet.']",FAKE
F174,Secret Cure Confirmed by Sources,"['figure', 'media', 'win', 'amount', 'artist.', 'big', 'letter', 'mission', 'air', 'kitchen', 'beyond.', 'enjoy', 'finally', 'let', 'build', 'loss', 'dinner', 'mrs.', 'college', 'program', 'dinner', 'team.', '—', 'shocking', 'claims', 'secret', 'cure', 'surface', 'internet.']",FAKE
R009,New Report on Election,"['serious', 'man', 'us', 'strategy', 'owner.', 'sometimes', 'visit', 'center', 'company', 'guy.', 'effort', 'rise', 'project.', 'relationship', 'hour', 'financial', 'establish', 'rather', 'professor', 'attorney.', 'experts', 'discuss', 'ongoing', 'developments', 'election.']",REAL
R122,New Report on Economic Growth,"['recognize', 'strategy', 'game', 'check', 'system', 'indeed.', 'stock', 'near', 'central', 'account', 'follow', 'care.', 'experts', 'discuss', 'ongoing', 'developments', 'economic', 'growth.']",REAL
F189,Immortal Jellyfish Confirmed by Sources,"['training', 'tough', 'computer', 'especially', 'race.', '—', 'shocking', 'claims', 'immortal', 'jellyfish', 'surface', 'internet.']",FAKE
R146,New Report on Technology Breakthrough,"['worry', 'nation', 'last', 'reach', 'let.', 'stop', 'create', 'claim', 'hear', 'perform', 'boy.', 'standard', 'war', 'despite', 'trial', 'age.', 'knowledge', 'write', 'oil', 'his.', 'experts', 'discuss', 'ongoing', 'developments', 'technology', 'breakthrough.']",REAL
R022,New Report on Climate Change,"['lead', 'season', 'arm', 'project', 'even', 'appear', 'property.', 'different', 'program', 'leg', 'section', 'within.', 'scientist', 'identify', 'economy', 'wonder', 'mention.', 'experts', 'discuss', 'ongoing', 'developments', 'climate', 'change.']",REAL
F177,Aliens Confirmed by Sources,"['player', 'strong', 'bank', 'land', 'ball', 'practice', 'fill.', 'career', 'might', 'support', 'item.', 'strategy', 'job', 'often', 'head', 'hard.', '—', 'shocking', 'claims', 'aliens', 'surface', 'internet.']",FAKE
F021,Secret Cure Confirmed by Sources,"['challenge', 'defense', 'performance', 'determine', 'contain', 'outside.', 'fact', 'hold', 'security', 'true', 'seem', 'close.', '—', 'shocking', 'claims', 'secret', 'cure', 'surface', 'internet.']",FAKE
R039,New Report on Economic Growth,"['suffer', 'hotel', 'center', 'bank', 'across.', 'apply', 'still', 'interest.', 'hot', 'son', 'production', 'people', 'business', 'back', 'state', 'indicate.', 'west', 'level', 'within', 'chair', 'left', 'pick', 'three.', 'experts', 'discuss', 'ongoing', 'developments', 'economic', 'growth.']",REAL
F061,Miracle Drug Confirmed by Sources,"['hold', 'forward', 'writer', 'happen', 'anything', 'agency', 'smile', 'under.', 'college', 'medical', 'eight', 'certain', 'director', 'learn', 'however.', '—', 'shocking', 'claims', 'miracle', 'drug', 'surface', 'internet.']",FAKE
R057,New Report on Technology Breakthrough,"['cut', 'bill', 'loss', 'open.', 'company', 'organization', 'everybody.', 'experts', 'discuss', 'ongoing', 'developments', 'technology', 'breakthrough.']",REAL
F154,Immortal Jellyfish Confirmed by Sources,"['news', 'section', 'painting', 'oil', 'ten.', 'security', 'budget', 'leg', 'occur', 'research', 'yeah', 'give.', '—', 'shocking', 'claims', 'immortal', 'jellyfish', 'surface', 'internet.']",FAKE
F052,Mind Control Confirmed by Sources,"['order', 'ready', 'wall.', '—', 'shocking', 'claims', 'mind', 'control', 'surface', 'internet.']",FAKE
F124,Flat Earth Confirmed by Sources,"['reach', 'cold', 'relate', 'act', 'research', 'it.', 'level', 'manager', 'his.', 'baby', 'land', 'bring', 'society.', '—', 'shocking', 'claims', 'flat', 'earth', 'surface', 'internet.']",FAKE
R071,New Report on Budget Report,"['though', 'hundred', 'concern.', 'land', 'image', 'blood', 'yard', 'society.', 'experts', 'discuss', 'ongoing', 'developments', 'budget', 'report.']",REAL
R152,New Report on Budget Report,"['cut', 'tonight', 'one', 'thus.', 'forget', 'least', 'toward', 'follow.', 'experts', 'discuss', 'ongoing', 'developments', 'budget', 'report.']",REAL
F038,Mind Control Confirmed by Sources,"['act', 'society', 'small', 'cup', 'second', 'then.', 'history', 'amount', 'tonight', 'describe', 'shake', 'recently', 'major', 'sound.', 'show', 'station', 'claim', 'letter.', 'next', 'defense', 'full', 'rest.', '—', 'shocking', 'claims', 'mind', 'control', 'surface', 'internet.']",FAKE
F101,Immortal Jellyfish Confirmed by Sources,"['memory', 'matter', 'hear', 'can.', 'second', 'tv', 'former', 'discuss', 'recently', 'age.', '—', 'shocking', 'claims', 'immortal', 'jellyfish', 'surface', 'internet.']",FAKE
F203,Celebrity Scandal Confirmed by Sources,"['drive', 'assume', 'administration', 'process.', 'place', 'ground', 'site', 'middle.', 'team', 'might', 'however', 'congress', 'officer.', '—', 'shocking', 'claims', 'celebrity', 'scandal', 'surface', 'internet.']",FAKE
F192,Government Cover-Up Confirmed by Sources,"['job', 'company', 'clearly', 'doctor', 'yeah', 'tend', 'baby', 'clearly.', '—', 'shocking', 'claims', 'government', 'cover-up', 'surface', 'internet.']",FAKE
R189,New Report on Climate Change,"['consumer', 'treatment', 'policy', 'author', 'get.', 'suffer', 'shoulder', 'happen', 'lay', 'high', 'old', 'size.', 'benefit', 'sport', 'decision', 'probably', 'when.', 'trade', 'east', 'car', 'media', 'center', 'very.', 'experts', 'discuss', 'ongoing', 'developments', 'climate', 'change.']",REAL
R098,New Report on Election,"['probably', 'population', 'word', 'act', 'ten', 'husband', 'avoid.', 'course', 'prepare', 'guess', 'act', 'cell.', 'experts', 'discuss', 'ongoing', 'developments', 'election.']",REAL
R149,New Report on Economic Growth,"['feel', 'parent', 'three', 'collection', 'explain', 'law.', 'old', 'already', 'clear', 'available', 'central.', 'experts', 'discuss', 'ongoing', 'developments', 'economic', 'growth.']",REAL
R046,New Report on Education,"['pretty', 'wear', 'dog', 'each.', 'camera', 'organization', 'hair.', 'give', 'medical', 'wife', 'process.', 'experts', 'discuss', 'ongoing', 'developments', 'education.']",REAL
F055,Hoax Confirmed by Sources,"['shoulder', 'let', 'color.', '—', 'shocking', 'claims', 'hoax', 'surface', 'internet.']",FAKE
F159,Flat Earth Confirmed by Sources,"['left', 'coach', 'impact', 'order', 'road', 'hot', 'good', 'relate.', 'single', 'relate', 'concern', 'explain', 'radio', 'remain.', '—', 'shocking', 'claims', 'flat', 'earth', 'surface', 'internet.']",FAKE
F083,Secret Cure Confirmed by Sources,"['radio', 'charge', 'finally', 'spend', 'least', 'capital', 'close.', 'floor', 'level', 'low', 'seek', 'public.', '—', 'shocking', 'claims', 'secret', 'cure', 'surface', 'internet.']",FAKE
R109,New Report on Education,"['form', 'career', 'mention', 'quite.', 'wife', 'present', 'officer', 'middle', 'short', 'ahead', 'somebody.', 'experts', 'discuss', 'ongoing', 'developments', 'education.']",REAL
R102,New Report on Climate Change,"['effect', 'top', 'cup.', 'experts', 'discuss', 'ongoing', 'developments', 'climate', 'change.']",REAL
R060,New Report on Election,"['wear', 'suddenly', 'player', 'avoid', 'well.', 'experts', 'discuss', 'ongoing', 'developments', 'election.']",REAL
F085,Secret Cure Confirmed by Sources,"['office', 'spring', 'mean', 'current', 'last', 'usually.', 'despite', 'close', 'attorney', 'citizen.', 'surface', 'exist', 'technology', 'process', 'go', 'often', 'ground.', '—', 'shocking', 'claims', 'secret', 'cure', 'surface', 'internet.']",FAKE
F188,Hoax Confirmed by Sources,"['series', 'behavior', 'lose', 'thousand.', 'trade', 'significant', 'use', 'mrs', 'seven', 'determine.', '—', 'shocking', 'claims', 'hoax', 'surface', 'internet.']",FAKE
F131,Hoax Confirmed by Sources,"['summer', 'occur', 'know', 'method', 'individual.', '—', 'shocking', 'claims', 'hoax', 'surface', 'internet.']",FAKE
R202,New Report on Public Health,"['today', 'media', 'executive', 'high', 'bag', 'to.', 'audience', 'surface', 'scientist', 'color', 'air', 'reduce.', 'experts', 'discuss', 'ongoing', 'developments', 'public', 'health.']",REAL
F111,Celebrity Scandal Confirmed by Sources,"['thought', 'result', 'tough', 'trial', 'six.', 'office', 'probably', 'student', 'staff', 'analysis', 'nature', 'officer.', '—', 'shocking', 'claims', 'celebrity', 'scandal', 'surface', 'internet.']",FAKE
R151,New Report on Policy,"['range', 'foreign', 'difficult', 'window', 'soldier.', 'group', 'real', 'thousand.', 'politics', 'especially', 'five', 'indeed', 'although', 'score.', 'seem', 'threat', 'last', 'season', 'study.', 'experts', 'discuss', 'ongoing', 'developments', 'policy.']",REAL
F058,Government Cover-Up Confirmed by Sources,"['various', 'prepare', 'wish', 'prepare', 'two', 'too.', 'artist', 'individual', 'fear.', 'blood', 'couple', 'central', 'technology.', '—', 'shocking', 'claims', 'government', 'cover-up', 'surface', 'internet.']",FAKE
R164,New Report on Education,"['easy', 'forget', 'drug', 'responsibility', 'serve.', 'score', 'want', 'really', 'degree', 'tv', 'participant', 'determine.', 'experts', 'discuss', 'ongoing', 'developments', 'education.']",REAL
F242,Celebrity Scandal Confirmed by Sources,"['people', 'meeting', 'ready.', 'social', 'share', 'artist', 'medical', 'room', 'century', 'program', 'present.', '—', 'shocking', 'claims', 'celebrity', 'scandal', 'surface', 'internet.']",FAKE
F064,Mind Control Confirmed by Sources,"['last', 'follow', 'since', 'face.', 'idea', 'pick', 'including', 'risk', 'similar.', '—', 'shocking', 'claims', 'mind', 'control', 'surface', 'internet.']",FAKE
R228,New Report on Education,"['everything', 'catch', 'hour', 'use.', 'experts', 'discuss', 'ongoing', 'developments', 'education.']",REAL
R210,New Report on Economic Growth,"['reason', 'close', 'heavy', 'around', 'claim', 'make.', 'else', 'step', 'two', 'interesting.', 'experts', 'discuss', 'ongoing', 'developments', 'economic', 'growth.']",REAL
R156,New Report on Policy,"['commercial', 'television', 'training', 'develop.', 'eight', 'pull', 'spring', 'mother', 'it.', 'mr', 'wear', 'certainly', 'floor', 'body', 'oil', 'and.', 'experts', 'discuss', 'ongoing', 'developments', 'policy.']",REAL
R192,New Report on Climate Change,"['value', 'hope', 'chance', 'friend', 'interest.', 'pull', 'cell', 'red', 'modern', 'before.', 'enter', 'woman', 'add', 'edge', 'purpose', 'establish.', 'experts', 'discuss', 'ongoing', 'developments', 'climate', 'change.']",REAL
F102,Government Cover-Up Confirmed by Sources,"['service', 'final', 'friend.', '—', 'shocking', 'claims', 'government', 'cover-up', 'surface', 'internet.']",FAKE
R237,New Report on Election,"['floor', 'decide', 'total', 'maintain', 'poor', 'him.', 'risk', 'group', 'hear.', 'experts', 'discuss', 'ongoing', 'developments', 'election.']",REAL
F015,Immortal Jellyfish Confirmed by Sources,"['room', 'religious', 'understand.', 'detail', 'color', 'safe', 'car', 'scene', 'often', 'small.', '—', 'shocking', 'claims', 'immortal', 'jellyfish', 'surface', 'internet.']",FAKE
F020,Celebrity Scandal Confirmed by Sources,"['last', 'say', 'may', 'drive', 'board', 'among.', 'building', 'eye', 'ask', 'use', 'human.', 'central', 'system', 'mother.', '—', 'shocking', 'claims', 'celebrity', 'scandal', 'surface', 'internet.']",FAKE
R083,New Report on Election,"['soldier', 'hit', 'style', 'central', 'write.', 'wish', 'power', 'compare', 'anyone', 'pretty.', 'experts', 'discuss', 'ongoing', 'developments', 'election.']",REAL
F035,Hoax Confirmed by Sources,"['audience', 'answer', 'campaign', 'day', 'now.', 'finish', 'enjoy', 'clear', 'animal.', 'language', 'central', 'huge', 'include', 'ten', 'stuff', 'floor', 'herself.', '—', 'shocking', 'claims', 'hoax', 'surface', 'internet.']",FAKE
R082,New Report on Budget Report,"['real', 'key', 'heavy', 'decide', 'civil', 'tonight.', 'campaign', 'break', 'none', 'tonight', 'probably', 'case', 'check.', 'memory', 'police', 'watch', 'something', 'almost', 'individual', 'issue', 'check.', 'operation', 'bank', 'seek', 'itself.', 'experts', 'discuss', 'ongoing', 'developments', 'budget', 'report.']",REAL
F114,Mind Control Confirmed by Sources,"['second', 'focus', 'open', 'kid', 'season', 'manager.', '—', 'shocking', 'claims', 'mind', 'control', 'surface', 'internet.']",FAKE
F179,Secret Cure Confirmed by Sources,"['next', 'prevent', 'participant', 'total.', 'message', 'maybe', 'price', 'ready', 'station', 'fly.', 'indeed', 'finally', 'drop', 'choice', 'financial', 'expect', 'war.', '—', 'shocking', 'claims', 'secret', 'cure', 'surface', 'internet.']",FAKE
F026,Celebrity Scandal Confirmed by Sources,"['create', 'body', 'election', 'study', 'note.', '—', 'shocking', 'claims', 'celebrity', 'scandal', 'surface', 'internet.']",FAKE
R217,New Report on Election,"['soon', 'wife', 'service', 'defense', 'us', 'agent', 'whole.', 'work', 'item', 'whole', 'however', 'director', 'member.', 'experts', 'discuss', 'ongoing', 'developments', 'election.']",REAL
F009,Celebrity Scandal Confirmed by Sources,"['baby', 'seek', 'article', 'usually', 'six.', 'avoid', 'situation', 'analysis.', '—', 'shocking', 'claims', 'celebrity', 'scandal', 'surface', 'internet.']",FAKE
F240,Aliens Confirmed by Sources,"['floor', 'yes', 'next', 'series.', 'according', 'audience', 'together', 'create', 'matter', 'blue', 'power.', '—', 'shocking', 'claims', 'aliens', 'surface', 'internet.']",FAKE
R216,New Report on Research,"['set', 'father', 'blood', 'future', 'position', 'often', 'relate.', 'cover', 'table', 'else', 'firm', 'arm', 'anything', 'economic', 'focus.', 'take', 'media', 'evening.', 'experts', 'discuss', 'ongoing', 'developments', 'research.']",REAL
F129,Flat Earth Confirmed by Sources,"['move', 'free', 'evidence', 'body', 'accept', 'money', 'director.', 'four', 'hospital', 'turn', 'conference', 'region', 'pull', 'husband.', '—', 'shocking', 'claims', 'flat', 'earth', 'surface', 'internet.']",FAKE
R197,New Report on Education,"['account', 'perform', 'security', 'year', 'several.', 'smile', 'machine', 'approach', 'group.', 'experts', 'discuss', 'ongoing', 'developments', 'education.']",REAL
F142,Government Cover-Up Confirmed by Sources,"['two', 'world', 'pressure', 'recognize', 'deal', 'point.', 'anything', 'week', 'create', 'artist', 'inside.', 'according', 'fine', 'choose', 'thousand.', '—', 'shocking', 'claims', 'government', 'cover-up', 'surface', 'internet.']",FAKE
R140,New Report on Climate Change,"['reflect', 'lead', 'fire', 'sea', 'material', 'almost.', 'central', 'television', 'pay', 'wish', 'none.', 'relationship', 'wall', 'author', 'focus', 'life', 'two', 'force.', 'experts', 'discuss', 'ongoing', 'developments', 'climate', 'change.']",REAL
R165,New Report on Budget Report,"['change', 'main', 'city', 'soldier', 'traditional.', 'successful', 'best', 'remember', 'result', 'eight', 'care.', 'experts', 'discuss', 'ongoing', 'developments', 'budget', 'report.']",REAL
R139,New Report on Education,"['center', 'assume', 'may', 'reality', 'young.', 'step', 'guess', 'recognize', 'go', 'kind', 'education', 'already.', 'experts', 'discuss', 'ongoing', 'developments', 'education.']",REAL
F232,Hoax Confirmed by Sources,"['treatment', 'daughter', 'west', 'final.', 'eight', 'image', 'official.', '—', 'shocking', 'claims', 'hoax', 'surface', 'internet.']",FAKE
F108,Celebrity Scandal Confirmed by Sources,"['allow', 'discussion', 'hour', 'market.', 'bank', 'center', 'worker', 'until.', '—', 'shocking', 'claims', 'celebrity', 'scandal', 'surface', 'internet.']",FAKE
F167,Celebrity Scandal Confirmed by Sources,"['wife', 'interesting', 'deep', 'anyone', 'ahead', 'free', 'check.', 'talk', 'home', 'reality', 'suggest', 'decision.', '—', 'shocking', 'claims', 'celebrity', 'scandal', 'surface', 'internet.']",FAKE
R242,New Report on Research,"['check', 'partner', 'month', 'box', 'pretty.', 'wish', 'well', 'security', 'trade', 'continue', 'nice.', 'us', 'record', 'boy', 'front', 'dinner.', 'experts', 'discuss', 'ongoing', 'developments', 'research.']",REAL
F133,Immortal Jellyfish Confirmed by Sources,"['short', 'city', 'class', 'reveal', 'morning', 'buy.', 'radio', 'study', 'environmental', 'adult', 'discussion.', '—', 'shocking', 'claims', 'immortal', 'jellyfish', 'surface', 'internet.']",FAKE
F025,Flat Earth Confirmed by Sources,"['board', 'begin', 'power', 'large', 'someone.', 'store', 'move', 'stock', 'million', 'player.', '—', 'shocking', 'claims', 'flat', 'earth', 'surface', 'internet.']",FAKE
F093,Immortal Jellyfish Confirmed by Sources,"['stop', 'without', 'enter', 'professional', 'red', 'test.', 'nearly', 'report', 'budget', 'town', 'certainly.', '—', 'shocking', 'claims', 'immortal', 'jellyfish', 'surface', 'internet.']",FAKE
F236,Government Cover-Up Confirmed by Sources,"['community', 'leave', 'good', 'successful', 'kind.', 'collection', 'technology', 'home.', 'blue', 'hot', 'assume', 'opportunity', 'product', 'hour.', '—', 'shocking', 'claims', 'government', 'cover-up', 'surface', 'internet.']",FAKE
F069,Flat Earth Confirmed by Sources,"['game', 'impact', 'along', 'record', 'sit.', 'day', 'billion', 'always', 'house', 'note', 'usually.', 'usually', 'daughter', 'market', 'dark', 'yeah.', '—', 'shocking', 'claims', 'flat', 'earth', 'surface', 'internet.']",FAKE
F219,Flat Earth Confirmed by Sources,"['provide', 'necessary', 'system.', 'visit', 'capital', 'value', 'behavior', 'protect', 'game', 'affect.', '—', 'shocking', 'claims', 'flat', 'earth', 'surface', 'internet.']",FAKE
R079,New Report on Election,"['citizen', 'fund', 'however', 'practice', 'fly', 'hospital', 'either.', 'scientist', 'second', 'best', 'star', 'quite', 'bad.', 'local', 'keep', 'environmental', 'campaign.', 'step', 'room', 'left', 'miss', 'relationship', 'easy', 'kid', 'account.', 'experts', 'discuss', 'ongoing', 'developments', 'election.']",REAL
F042,Hoax Confirmed by Sources,"['product', 'unit', 'seem', 'oil', 'site', 'congress', 'onto.', 'foreign', 'stock', 'federal', 'morning', 'huge', 'write.', 'floor', 'senior', 'always', 'professor', 'red', 'rather.', '—', 'shocking', 'claims', 'hoax', 'surface', 'internet.']",FAKE
R154,New Report on Budget Report,"['theory', 'piece', 'however.', 'hair', 'court', 'cultural', 'interview', 'little', 'husband', 'safe.', 'economic', 'institution', 'show', 'effect', 'while.', 'cell', 'tax', 'far', 'weight', 'modern.', 'experts', 'discuss', 'ongoing', 'developments', 'budget', 'report.']",REAL
R089,New Report on Public Health,"['event', 'still', 'administration', 'office.', 'condition', 'four', 'hard', 'toward', 'add.', 'pm', 'cost', 'cell', 'able', 'center.', 'experts', 'discuss', 'ongoing', 'developments', 'public', 'health.']",REAL
R038,New Report on Public Health,"['capital', 'usually', 'question', 'option', 'notice.', 'experts', 'discuss', 'ongoing', 'developments', 'public', 'health.']",REAL
R053,New Report on Economic Growth,"['throw', 'write', 'stage', 'anyone', 'hundred', 'service', 'why.', 'fight', 'source', 'number', 'tend.', 'executive', 'outside', 'executive', 'heavy', 'movement', 'reveal.', 'fill', 'bring', 'beat', 'value', 'bed', 'anyone.', 'experts', 'discuss', 'ongoing', 'developments', 'economic', 'growth.']",REAL
F201,Hoax Confirmed by Sources,"['win', 'imagine', 'source', 'report', 'case.', 'form', 'cover', 'break.', 'meet', 'scientist', 'yeah', 'remember.', '—', 'shocking', 'claims', 'hoax', 'surface', 'internet.']",FAKE
F013,Secret Cure Confirmed by Sources,"['drop', 'ahead', 'set', 'may.', 'bill', 'central', 'everybody', 'yes', 'take', 'often.', 'simple', 'number', 'piece', 'understand', 'remember.', '—', 'shocking', 'claims', 'secret', 'cure', 'surface', 'internet.']",FAKE
R023,New Report on Policy,"['decide', 'than.', 'treat', 'drop', 'base', 'style', 'practice', 'anyone.', 'everything', 'save', 'five', 'probably', 'yet.', 'experts', 'discuss', 'ongoing', 'developments', 'policy.']",REAL
R068,New Report on Technology Breakthrough,"['detail', 'sport', 'resource', 'inside', 'maybe', 'example.', 'attack', 'machine', 'lawyer', 'because.', 'experts', 'discuss', 'ongoing', 'developments', 'technology', 'breakthrough.']",REAL
F065,Hoax Confirmed by Sources,"['truth', 'fly', 'white', 'current', 'civil.', 'rest', 'style', 'effect.', '—', 'shocking', 'claims', 'hoax', 'surface', 'internet.']",FAKE
F239,Celebrity Scandal Confirmed by Sources,"['second', 'capital', 'bag', 'theory', 'away', 'per', 'entire', 'present.', 'speak', 'growth', 'work', 'theory.', 'century', 'space', 'figure', 'present', 'probably.', '—', 'shocking', 'claims', 'celebrity', 'scandal', 'surface', 'internet.']",FAKE
F084,Miracle Drug Confirmed by Sources,"['begin', 'environmental', 'use', 'project', 'us', 'word.', 'white', 'hair', 'fill', 'model', 'general', 'amount.', 'age', 'article', 'certainly', 'voice', 'develop.', '—', 'shocking', 'claims', 'miracle', 'drug', 'surface', 'internet.']",FAKE
R120,New Report on Election,"['meet', 'meet', 'try.', 'experts', 'discuss', 'ongoing', 'developments', 'election.']",REAL
F207,Government Cover-Up Confirmed by Sources,"['explain', 'thus', 'phone', 'change', 'letter', 'market.', 'movement', 'west', 'compare', 'fire', 'writer', 'mother', 'hot', 'very.', 'service', 'listen', 'probably', 'common.', '—', 'shocking', 'claims', 'government', 'cover-up', 'surface', 'internet.']",FAKE
R158,New Report on Economic Growth,"['article', 'surface', 'board', 'exactly.', 'family', 'nice.', 'assume', 'art', 'peace', 'personal', 'executive.', 'new', 'purpose', 'thing', 'maintain', 'third', 'goal', 'nation.', 'experts', 'discuss', 'ongoing', 'developments', 'economic', 'growth.']",REAL
R097,New Report on Technology Breakthrough,"['work', 'task', 'religious.', 'allow', 'range', 'alone', 'serious', 'scene', 'for.', 'experts', 'discuss', 'ongoing', 'developments', 'technology', 'breakthrough.']",REAL
R092,New Report on Technology Breakthrough,"['worry', 'past', 'cost', 'far', 'left', 'enjoy.', 'experts', 'discuss', 'ongoing', 'developments', 'technology', 'breakthrough.']",REAL
F172,Hoax Confirmed by Sources,"['exist', 'bit', 'dark', 'after.', 'accept', 'executive', 'interest', 'expect', 'realize', 'federal.', '—', 'shocking', 'claims', 'hoax', 'surface', 'internet.']",FAKE
R182,New Report on Economic Growth,"['fly', 'stuff.', 'experts', 'discuss', 'ongoing', 'developments', 'economic', 'growth.']",REAL
F014,Secret Cure Confirmed by Sources,"['difference', 'model', 'seek', 'player', 'short', 'participant.', 'candidate', 'relate', 'relate.', 'meeting', 'push', 'letter', 'produce', 'grow', 'much.', '—', 'shocking', 'claims', 'secret', 'cure', 'surface', 'internet.']",FAKE
R230,New Report on Election,"['red', 'give', 'fear', 'compare.', 'future', 'material', 'soldier', 'group', 'later.', 'experts', 'discuss', 'ongoing', 'developments', 'election.']",REAL
F223,Government Cover-Up Confirmed by Sources,"['bank', 'lose', 'woman', 'mention', 'law', 'his.', 'level', 'election', 'quickly', 'seat', 'alone.', '—', 'shocking', 'claims', 'government', 'cover-up', 'surface', 'internet.']",FAKE
R221,New Report on Policy,"['religious', 'car', 'institution.', 'experts', 'discuss', 'ongoing', 'developments', 'policy.']",REAL
R173,New Report on Climate Change,"['capital', 'attack', 'land', 'issue', 'weight.', 'experts', 'discuss', 'ongoing', 'developments', 'climate', 'change.']",REAL
F249,Immortal Jellyfish Confirmed by Sources,"['beyond', 'product', 'heavy', 'treatment', 'lawyer', 'expert', 'sense', 'game.', 'something', 'natural', 'serious.', '—', 'shocking', 'claims', 'immortal', 'jellyfish', 'surface', 'internet.']",FAKE
F112,Government Cover-Up Confirmed by Sources,"['education', 'involve', 'idea', 'season', 'air', 'speech', 'notice.', 'sign', 'large', 'situation', 'amount.', '—', 'shocking', 'claims', 'government', 'cover-up', 'surface', 'internet.']",FAKE
R058,New Report on Budget Report,"['far', 'include', 'push.', 'feel', 'strategy', 'course', 'i.', 'experts', 'discuss', 'ongoing', 'developments', 'budget', 'report.']",REAL
R159,New Report on Economic Growth,"['ask', 'defense', 'true', 'thousand', 'cut', 'amount.', 'need', 'involve', 'fly', 'school', 'team.', 'go', 'go', 'size', 'property.', 'trip', 'rise', 'begin', 'gas', 'up.', 'experts', 'discuss', 'ongoing', 'developments', 'economic', 'growth.']",REAL
R029,New Report on Economic Growth,"['ask', 'yeah', 'early', 'democratic', 'special', 'media.', 'reality', 'benefit', 'available', 'debate', 'share', 'serious', 'read.', 'old', 'word', 'teach', 'nice.', 'experts', 'discuss', 'ongoing', 'developments', 'economic', 'growth.']",REAL
R126,New Report on Research,"['final', 'stay', 'reveal', 'story', 'will.', 'reach', 'central', 'worker', 'imagine.', 'well', 'without', 'kind', 'amount', 'pretty.', 'experts', 'discuss', 'ongoing', 'developments', 'research.']",REAL
R132,New Report on Education,"['prove', 'reach', 'eight', 'finish.', 'pick', 'stage', 'skin', 'join', 'at.', 'bad', 'quite', 'question', 'amount.', 'experts', 'discuss', 'ongoing', 'developments', 'education.']",REAL
R025,New Report on Election,"['fast', 'list', 'record', 'watch', 'city', 'especially.', 'experts', 'discuss', 'ongoing', 'developments', 'election.']",REAL
F214,Secret Cure Confirmed by Sources,"['member', 'life', 'risk', 'nice', 'blue', 'question', 'have.', 'including', 'strategy', 'civil', 'management', 'arrive', 'oil.', 'yeah', 'task', 'water.', 'true', 'carry', 'relate', 'phone', 'skin', 'nice.', '—', 'shocking', 'claims', 'secret', 'cure', 'surface', 'internet.']",FAKE
R177,New Report on Policy,"['similar', 'event', 'population', 'ready', 'turn', 'hope.', 'alone', 'particularly', 'last', 'explain.', 'experts', 'discuss', 'ongoing', 'developments', 'policy.']",REAL
R196,New Report on Budget Report,"['everyone', 'commercial', 'wish', 'car.', 'pay', 'candidate', 'according', 'model', 'customer', 'front.', 'senior', 'reflect', 'condition', 'structure', 'example.', 'experts', 'discuss', 'ongoing', 'developments', 'budget', 'report.']",REAL
R135,New Report on Budget Report,"['nearly', 'sell', 'series', 'collection', 'care', 'even', 'long.', 'personal', 'despite', 'still', 'floor', 'management', 'degree.', 'rest', 'note', 'decision', 'measure.', 'experts', 'discuss', 'ongoing', 'developments', 'budget', 'report.']",REAL
F152,Government Cover-Up Confirmed by Sources,"['night', 'animal', 'matter', 'expect', 'issue', 'expect', 'watch', 'number.', 'police', 'war', 'resource', 'bar', 'read', 'list.', '—', 'shocking', 'claims', 'government', 'cover-up', 'surface', 'internet.']",FAKE
F180,Secret Cure Confirmed by Sources,"['technology', 'lead', 'news', 'affect', 'fill', 'its.', 'represent', 'special', 'amount', 'not.', 'doctor', 'wide', 'win', 'share', 'decade', 'actually.', '—', 'shocking', 'claims', 'secret', 'cure', 'surface', 'internet.']",FAKE
F003,Secret Cure Confirmed by Sources,"['amount', 'nearly', 'method', 'leader', 'decision', 'soldier.', 'consumer', 'various', 'course', 'what.', '—', 'shocking', 'claims', 'secret', 'cure', 'surface', 'internet.']",FAKE
F244,Celebrity Scandal Confirmed by Sources,"['opportunity', 'sit', 'today.', 'subject', 'teach', 'practice', 'customer', 'skill', 'soon', 'owner.', 'alone', 'factor', 'say', 'door.', '—', 'shocking', 'claims', 'celebrity', 'scandal', 'surface', 'internet.']",FAKE
F194,Immortal Jellyfish Confirmed by Sources,"['soon', 'away', 'place', 'well.', 'goal', 'check', 'lay', 'organization', 'difference', 'blue.', 'ever', 'soldier', 'kind.', '—', 'shocking', 'claims', 'immortal', 'jellyfish', 'surface', 'internet.']",FAKE
R044,New Report on Policy,"['receive', 'buy', 'meeting', 'poor', 'resource.', 'hotel', 'bed', 'system', 'trip', 'item', 'practice.', 'build', 'million', 'traditional', 'quality', 'pick', 'light', 'late.', 'notice', 'second', 'strong', 'white', 'again.', 'experts', 'discuss', 'ongoing', 'developments', 'policy.']",REAL
R141,New Report on Economic Growth,"['else', 'today', 'foreign', 'drop', 'term', 'sister.', 'paper', 'reveal', 'indeed', 'total.', 'east', 'although', 'claim', 'others', 'risk', 'thought', 'never.', 'experts', 'discuss', 'ongoing', 'developments', 'economic', 'growth.']",REAL
R188,New Report on Climate Change,"['give', 'find', 'democratic', 'save.', 'leave', 'blue', 'capital', 'contain', 'interesting', 'treatment', 'make', 'leg.', 'none', 'edge', 'art', 'write.', 'experts', 'discuss', 'ongoing', 'developments', 'climate', 'change.']",REAL
F010,Aliens Confirmed by Sources,"['particular', 'tonight', 'back', 'wrong', 'hot.', 'nation', 'prevent', 'admit', 'factor', 'opportunity.', '—', 'shocking', 'claims', 'aliens', 'surface', 'internet.']",FAKE
R106,New Report on Economic Growth,"['simply', 'strategy', 'majority', 'difficult', 'travel', 'either.', 'wife', 'condition', 'else', 'pick', 'president', 'eye', 'before.', 'experts', 'discuss', 'ongoing', 'developments', 'economic', 'growth.']",REAL
R049,New Report on Research,"['information', 'operation', 'beautiful', 'close.', 'miss', 'ready', 'down.', 'finish', 'talk', 'word', 'husband', 'blood', 'never', 'oil.', 'experts', 'discuss', 'ongoing', 'developments', 'research.']",REAL
R144,New Report on Budget Report,"['sing', 'second', 'charge', 'grow', 'measure', 'investment.', 'federal', 'bar', 'million', 'person', 'stand', 'price.', 'break', 'board', 'meet', 'two', 'eye', 'general.', 'item', 'pm', 'specific', 'decide', 'agent', 'any.', 'experts', 'discuss', 'ongoing', 'developments', 'budget', 'report.']",REAL
F199,Celebrity Scandal Confirmed by Sources,"['party', 'line', 'white', 'account', 'third', 'analysis', 'these.', 'building', 'capital', 'soldier', 'street', 'fall.', 'star', 'watch', 'stay', 'discover', 'recent.', '—', 'shocking', 'claims', 'celebrity', 'scandal', 'surface', 'internet.']",FAKE
F215,Secret Cure Confirmed by Sources,"['seat', 'month', 'on.', 'across', 'arm', 'some.', 'mention', 'church', 'accept', 'much', 'national.', '—', 'shocking', 'claims', 'secret', 'cure', 'surface', 'internet.']",FAKE
R176,New Report on Economic Growth,"['player', 'paper', 'treat', 'lot.', 'marriage', 'short', 'worker', 'skin', 'return.', 'subject', 'soon', 'live', 'officer', 'student', 'girl.', 'little', 'institution', 'learn', 'especially.', 'experts', 'discuss', 'ongoing', 'developments', 'economic', 'growth.']",REAL
F105,Hoax Confirmed by Sources,"['term', 'partner', 'benefit.', '—', 'shocking', 'claims', 'hoax', 'surface', 'internet.']",FAKE
F031,Miracle Drug Confirmed by Sources,"['ahead', 'walk', 'particular.', 'meeting', 'final', 'mean', 'glass', 'keep', 'newspaper.', '—', 'shocking', 'claims', 'miracle', 'drug', 'surface', 'internet.']",FAKE
R206,New Report on Research,"['check', 'fine', 'he.', 'rich', 'speech', 'purpose', 'middle', 'away', 'wide.', 'since', 'station', 'pattern', 'school', 'away.', 'employee', 'kid', 'city', 'probably', 'tend.', 'experts', 'discuss', 'ongoing', 'developments', 'research.']",REAL
F238,Secret Cure Confirmed by Sources,"['animal', 'daughter', 'start', 'stop', 'generation', 'already', 'training.', 'town', 'occur', 'radio', 'help', 'public', 'discover', 'art.', 'reflect', 'job', 'professor', 'become', 'senior.', '—', 'shocking', 'claims', 'secret', 'cure', 'surface', 'internet.']",FAKE
R027,New Report on Climate Change,"['study', 'sea', 'set', 'various.', 'film', 'foreign', 'message', 'behind', 'body.', 'experts', 'discuss', 'ongoing', 'developments', 'climate', 'change.']",REAL
F169,Government Cover-Up Confirmed by Sources,"['act', 'realize', 'star', 'firm', 'natural', 'ahead', 'take.', 'never', 'court', 'free.', '—', 'shocking', 'claims', 'government', 'cover-up', 'surface', 'internet.']",FAKE
F208,Aliens Confirmed by Sources,"['care', 'surface', 'mission.', 'office', 'film', 'attack', 'really', 'international', 'detail.', '—', 'shocking', 'claims', 'aliens', 'surface', 'internet.']",FAKE
F212,Miracle Drug Confirmed by Sources,"['four', 'town', 'situation.', 'recognize', 'speech', 'chance.', 'fine', 'difficult', 'play.', '—', 'shocking', 'claims', 'miracle', 'drug', 'surface', 'internet.']",FAKE
F032,Hoax Confirmed by Sources,"['special', 'mind', 'base', 'push', 'address', 'modern.', 'new', 'choose', 'watch', 'environmental', 'change', 'three.', 'help', 'future', 'interesting', 'management.', '—', 'shocking', 'claims', 'hoax', 'surface', 'internet.']",FAKE
F109,Hoax Confirmed by Sources,"['current', 'six', 'air.', 'give', 'wind', 'management', 'kid.', 'present', 'high', 'road', 'material', 'foot.', '—', 'shocking', 'claims', 'hoax', 'surface', 'internet.']",FAKE
R111,New Report on Policy,"['note', 'real', 'happy', 'describe', 'reach.', 'congress', 'politics', 'threat', 'allow.', 'experts', 'discuss', 'ongoing', 'developments', 'policy.']",REAL
F078,Aliens Confirmed by Sources,"['marriage', 'story', 'bit', 'boy', 'bank.', 'trouble', 'total', 'evening', 'late', 'knowledge', 'sit.', 'team', 'color', 'room', 'whose', 'fund.', '—', 'shocking', 'claims', 'aliens', 'surface', 'internet.']",FAKE
R105,New Report on Budget Report,"['many', 'join', 'senior', 'move', 'run', 'difficult.', 'expert', 'loss', 'answer', 'knowledge', 'include', 'court.', 'experts', 'discuss', 'ongoing', 'developments', 'budget', 'report.']",REAL
F196,Government Cover-Up Confirmed by Sources,"['century', 'minute', 'single.', '—', 'shocking', 'claims', 'government', 'cover-up', 'surface', 'internet.']",FAKE
F118,Immortal Jellyfish Confirmed by Sources,"['exist', 'available', 'describe.', 'affect', 'whom.', '—', 'shocking', 'claims', 'immortal', 'jellyfish', 'surface', 'internet.']",FAKE
F077,Secret Cure Confirmed by Sources,"['dog', 'senior', 'democratic', 'news', 'condition', 'rather', 'describe', 'something.', 'four', 'population', 'song', 'professional', 'box', 'and.', 'family', 'enjoy', 'economy', 'inside', 'the.', '—', 'shocking', 'claims', 'secret', 'cure', 'surface', 'internet.']",FAKE
F070,Government Cover-Up Confirmed by Sources,"['bar', 'away', 'western', 'interesting.', 'natural', 'drug', 'choose', 'race', 'ten.', '—', 'shocking', 'claims', 'government', 'cover-up', 'surface', 'internet.']",FAKE
F041,Immortal Jellyfish Confirmed by Sources,"['set', 'also', 'grow', 'reality', 'forget.', 'probably', 'sense', 'company', 'time', 'eight', 'could.', '—', 'shocking', 'claims', 'immortal', 'jellyfish', 'surface', 'internet.']",FAKE
R026,New Report on Policy,"['owner', 'pull', 'sort', 'might', 'better', 'care.', 'whole', 'western', 'ask', 'such.', 'experts', 'discuss', 'ongoing', 'developments', 'policy.']",REAL
R207,New Report on Policy,"['election', 'position', 'bed', 'fund', 'accept', 'fight', 'fear.', 'life', 'relationship', 'affect', 'similar', 'mouth', 'although.', 'save', 'near', 'police', 'game', 'anyone.', 'experts', 'discuss', 'ongoing', 'developments', 'policy.']",REAL
F163,Secret Cure Confirmed by Sources,"['see', 'president', 'purpose', 'discuss', 'animal', 'early', 'author.', '—', 'shocking', 'claims', 'secret', 'cure', 'surface', 'internet.']",FAKE
F171,Government Cover-Up Confirmed by Sources,"['assume', 'finish', 'support', 'half', 'might', 'eat', 'difficult.', 'question', 'artist', 'nice', 'few.', '—', 'shocking', 'claims', 'government', 'cover-up', 'surface', 'internet.']",FAKE
F139,Immortal Jellyfish Confirmed by Sources,"['american', 'call', 'yet', 'list', 'quite', 'environmental.', '—', 'shocking', 'claims', 'immortal', 'jellyfish', 'surface', 'internet.']",FAKE
F120,Miracle Drug Confirmed by Sources,"['election', 'responsibility', 'production', 'ever', 'sea', 'field', 'garden.', 'news', 'population', 'save.', 'let', 'result', 'near', 'manage.', '—', 'shocking', 'claims', 'miracle', 'drug', 'surface', 'internet.']",FAKE
F146,Mind Control Confirmed by Sources,"['opportunity', 'attorney', 'different', 'strong', 'professor', 'share.', 'movement', 'state', 'window', 'suddenly', 'ahead.', '—', 'shocking', 'claims', 'mind', 'control', 'surface', 'internet.']",FAKE
R115,New Report on Research,"['also', 'language', 'knowledge', 'usually', 'top', 'another.', 'system', 'meet', 'audience', 'response', 'parent.', 'experts', 'discuss', 'ongoing', 'developments', 'research.']",REAL
F039,Aliens Confirmed by Sources,"['develop', 'cause', 'season', 'close', 'nice', 'necessary', 'onto.', 'wide', 'sit', 'ability', 'wife.', 'standard', 'daughter', 'stock.', '—', 'shocking', 'claims', 'aliens', 'surface', 'internet.']",FAKE
F225,Hoax Confirmed by Sources,"['outside', 'tonight', 'cover', 'live.', '—', 'shocking', 'claims', 'hoax', 'surface', 'internet.']",FAKE
F140,Aliens Confirmed by Sources,"['girl', 'year', 'reality', 'meeting', 'focus', 'local', 'yes.', 'present', 'sense', 'others', 'simply', 'defense', 'opportunity', 'think.', 'reach', 'cut', 'action', 'person.', '—', 'shocking', 'claims', 'aliens', 'surface', 'internet.']",FAKE
F122,Mind Control Confirmed by Sources,"['spring', 'challenge', 'age', 'leader', 'traditional.', 'position', 'machine', 'compare', 'table.', '—', 'shocking', 'claims', 'mind', 'control', 'surface', 'internet.']",FAKE
R070,New Report on Budget Report,"['unit', 'truth', 'standard', 'glass', 'heart', 'challenge.', 'many', 'rock.', 'experts', 'discuss', 'ongoing', 'developments', 'budget', 'report.']",REAL
F248,Celebrity Scandal Confirmed by Sources,"['something', 'wind', 'third', 'end', 'put.', 'relationship', 'recognize', 'station', 'increase.', 'hand', 'low', 'decide', 'friend', 'everybody.', '—', 'shocking', 'claims', 'celebrity', 'scandal', 'surface', 'internet.']",FAKE
R016,New Report on Technology Breakthrough,"['turn', 'road', 'opportunity.', 'officer', 'trial', 'suddenly', 'manager', 'study', 'baby', 'above.', 'experts', 'discuss', 'ongoing', 'developments', 'technology', 'breakthrough.']",REAL
R148,New Report on Technology Breakthrough,"['ok', 'let', 'current', 'billion', 'defense', 'second', 'make.', 'popular', 'part', 'late', 'theory', 'force', 'discover.', 'compare', 'respond', 'south', 'analysis.', 'create', 'clearly', 'organization.', 'experts', 'discuss', 'ongoing', 'developments', 'technology', 'breakthrough.']",REAL
R142,New Report on Budget Report,"['training', 'may', 'reflect', 'choose', 'difficult', 'teach.', 'operation', 'care', 'owner', 'practice', 'forward', 'program.', 'experts', 'discuss', 'ongoing', 'developments', 'budget', 'report.']",REAL
F141,Miracle Drug Confirmed by Sources,"['nature', 'coach', 'article', 'far', 'possible', 'between.', 'serious', 'place', 'movie', 'bank.', 'eat', 'letter', 'leave', 'enjoy.', '—', 'shocking', 'claims', 'miracle', 'drug', 'surface', 'internet.']",FAKE
R076,New Report on Technology Breakthrough,"['drive', 'situation', 'turn', 'that.', 'maybe', 'reality', 'hour.', 'wonder', 'result', 'product', 'traditional', 'set', 'attack.', 'experts', 'discuss', 'ongoing', 'developments', 'technology', 'breakthrough.']",REAL
R180,New Report on Budget Report,"['listen', 'style', 'us', 'exactly', 'group.', 'husband', 'stop', 'end', 'occur', 'happen', 'discussion', 'security.', 'experts', 'discuss', 'ongoing', 'developments', 'budget', 'report.']",REAL
F126,Aliens Confirmed by Sources,"['seven', 'information', 'miss', 'space', 'first', 'dark.', 'partner', 'carry', 'item', 'ability', 'marriage', 'back.', 'expect', 'create', 'rule.', '—', 'shocking', 'claims', 'aliens', 'surface', 'internet.']",FAKE
R134,New Report on Economic Growth,"['enough', 'present', 'article', 'drop.', 'break', 'owner', 'else', 'movement', 'prove', 'price.', 'put', 'every', 'other.', 'experts', 'discuss', 'ongoing', 'developments', 'economic', 'growth.']",REAL
F132,Mind Control Confirmed by Sources,"['cause', 'sing', 'expect', 'pm', 'manage', 'against.', '—', 'shocking', 'claims', 'mind', 'control', 'surface', 'internet.']",FAKE
F230,Immortal Jellyfish Confirmed by Sources,"['also', 'democrat', 'decade', 'line', 'what.', 'bad', 'get', 'join.', 'indeed', 'month', 'data', 'challenge.', '—', 'shocking', 'claims', 'immortal', 'jellyfish', 'surface', 'internet.']",FAKE
F243,Aliens Confirmed by Sources,"['attention', 'guess', 'us', 'office.', 'assume', 'cover', 'century', 'probably', 'third.', 'worry', 'imagine', 'cold', 'others', 'ten', 'stay', 'news.', '—', 'shocking', 'claims', 'aliens', 'surface', 'internet.']",FAKE
R191,New Report on Budget Report,"['skin', 'white', 'brother.', 'evening', 'admit', 'television', 'join', 'call.', 'mr', 'television', 'language.', 'experts', 'discuss', 'ongoing', 'developments', 'budget', 'report.']",REAL
R130,New Report on Public Health,"['trade', 'list', 'information', 'treat', 'church', 'too.', 'smile', 'lose', 'week', 'popular', 'often', 'involve.', 'experts', 'discuss', 'ongoing', 'developments', 'public', 'health.']",REAL
F081,Mind Control Confirmed by Sources,"['future', 'system', 'network', 'decide', 'seat.', 'boy', 'see', 'move', 'rather', 'else', 'field.', '—', 'shocking', 'claims', 'mind', 'control', 'surface', 'internet.']",FAKE
R209,New Report on Technology Breakthrough,"['improve', 'right', 'run.', 'former', 'ground', 'training', 'home', 'deal.', 'fish', 'clearly', 'agency', 'position', 'ago', 'list', 'south.', 'experts', 'discuss', 'ongoing', 'developments', 'technology', 'breakthrough.']",REAL
F228,Hoax Confirmed by Sources,"['eat', 'know', 'attention', 'avoid', 'make', 'wish', 'low.', 'kitchen', 'buy', 'smile.', 'interesting', 'house', 'yeah', 'church', 'international', 'several', 'order.', 'ever', 'protect', 'administration', 'world', 'best.', '—', 'shocking', 'claims', 'hoax', 'surface', 'internet.']",FAKE
R030,New Report on Budget Report,"['kitchen', 'notice', 'trip.', 'year', 'kind', 'crime', 'good.', 'rich', 'heart', 'attention', 'yard', 'official', 'old.', 'experts', 'discuss', 'ongoing', 'developments', 'budget', 'report.']",REAL
R214,New Report on Education,"['clearly', 'better', 'american', 'face.', 'role', 'financial', 'news', 'even', 'guess', 'kitchen', 'lay', 'floor.', 'condition', 'young', 'old', 'commercial', 'fight', 'glass', 'summer', 'direction.', 'experts', 'discuss', 'ongoing', 'developments', 'education.']",REAL
R175,New Report on Economic Growth,"['organization', 'whose', 'successful', 'finish', 'as.', 'difficult', 'series', 'less', 'federal.', 'determine', 'finally', 'among', 'ability', 'list', 'class.', 'eye', 'news', 'mention', 'concern.', 'experts', 'discuss', 'ongoing', 'developments', 'economic', 'growth.']",REAL
